"lat"	"long"	"depict"	"name"
37.9714	23.7262	"http://commons.wikimedia.org/wiki/Special:FilePath/View_of_the_Acropolis_Athens_(pixinn.net).jpg"	"Acropolis of Athens"
20.5524	75.7004	"http://commons.wikimedia.org/wiki/Special:FilePath/Ajanta_(63).jpg"	"Ajanta Caves"
34.3906	47.4358	"http://commons.wikimedia.org/wiki/Special:FilePath/Bisotun_Iran_Relief_Achamenid_Period.JPG"	"Behistun Inscription"
-0.1	36.1	"http://commons.wikimedia.org/wiki/Special:FilePath/Lake-Nakuru.jpg"	"Great Rift Valley"
45.0492	1.17611	"http://commons.wikimedia.org/wiki/Special:FilePath/Lascaux2.jpg"	"Lascaux"
38.9244	-6.34806	"http://commons.wikimedia.org/wiki/Special:FilePath/El_acueducto_de_Los_Milagros.jpg"	"Acueducto de los Milagros"
46.595	9.76	"http://commons.wikimedia.org/wiki/Special:FilePath/GlacierLandwasser.jpg"	"Albula Railway"
51.984	9.813	"http://commons.wikimedia.org/wiki/Special:FilePath/Fagus_Gropius_Hauptgebaeude_200705_wiki_front.jpg"	"Fagus Factory"
10.1	-75.2	"http://commons.wikimedia.org/wiki/Special:FilePath/Fiesta_Palenque.jpg"	"San Basilio de Palenque"
-34.085	-70.3825	"http://commons.wikimedia.org/wiki/Special:FilePath/Sewell.jpg"	"Sewell, Chile"
44.6464	10.9261	"http://commons.wikimedia.org/wiki/Special:FilePath/Modena-Ghirlandina.jpg"	"Torre della Ghirlandina"
49.75	21.233	"http://commons.wikimedia.org/wiki/Special:FilePath/Sekowa_drewniany_kosciol.jpg"	"Wooden churches of Southern Lesser Poland"
49.3361	19.5583	"http://commons.wikimedia.org/wiki/Special:FilePath/Hervartov_dreveny_kostelik_Slovakia_3834.JPG"	"Wooden churches of the Slovak Carpathians"
41.8497	123.421	"http://commons.wikimedia.org/wiki/Special:FilePath/Zhaoling_Tomb_of_the_Qing_Dynasty01.jpg"	"Zhao Mausoleum (Qing dynasty)"
49.3	17.3772	"http://commons.wikimedia.org/wiki/Special:FilePath/Arcibiskupský_zámek_Kroměříž_-1.jpg"	"Kroměříž Castle"
40.635	22.9479	"http://commons.wikimedia.org/wiki/Special:FilePath/Church_of_the_Acheiropoietos.JPG"	"Church of the Acheiropoietos"
50.1333	-5.38333	"http://commons.wikimedia.org/wiki/Special:FilePath/Crowns_peh.jpg"	"Cornwall and West Devon Mining Landscape"
16.484	99.524	"http://commons.wikimedia.org/wiki/Special:FilePath/Histparkkamphet.png"	"Kamphaeng Phet Historical Park"
0.4425	36.24	"http://commons.wikimedia.org/wiki/Special:FilePath/Lake_bogoria.jpg"	"Great Rift Valley, Kenya"
10.9484	79.3567	"http://commons.wikimedia.org/wiki/Special:FilePath/Darasuram_temple_front_view.jpg"	"Airavatesvara Temple"
48.8719	20.2947	"http://commons.wikimedia.org/wiki/Special:FilePath/Dobsinska_ladova_cave.jpg"	"Dobšinská Ice Cave"
58.9961	-3.18867	"http://en.wikipedia.org/wiki/Special:FilePath/Orkney_Skara_Brae.jpg"	"Heart of Neolithic Orkney"
22.286	112.566	"http://commons.wikimedia.org/wiki/Special:FilePath/Kaiping_September_2007.jpg"	"Kaiping Diaolou"
-4.72444	35.8339	"http://commons.wikimedia.org/wiki/Special:FilePath/Kondoa.jpg"	"Kondoa Irangi Rock Paintings"
42.6611	20.2656	"http://commons.wikimedia.org/wiki/Special:FilePath/Srednjovekovni_spomenici_nа_kosovu.jpg"	"Medieval Monuments in Kosovo"
16.9508	-96.4211	"http://commons.wikimedia.org/wiki/Special:FilePath/MonteAlban021.jpg"	"Oaxaca Valley"
62.2497	25.1833	"http://commons.wikimedia.org/wiki/Special:FilePath/Petäjävesi_Old_Church_from_south.JPG"	"Petäjävesi Old Church"
37.7012	26.8688	"http://commons.wikimedia.org/wiki/Special:FilePath/Samos_070_2009.JPG"	"Pythagoreion"
-28.29	17.1364	"http://commons.wikimedia.org/wiki/Special:FilePath/Tylecodon_paniculatus-PICT2534.jpg"	"Richtersveld"
39.7308	2.69472	"http://commons.wikimedia.org/wiki/Special:FilePath/SerraTramuntana2.jpg"	"Serra de Tramuntana"
-42.5838	-73.6121	"http://commons.wikimedia.org/wiki/Special:FilePath/AldachildoIglesia1.jpg"	"Church of Aldachildo"
44.2203	3.4731	"http://commons.wikimedia.org/wiki/Special:FilePath/Cevennes_Florac_Mimente_depuis_Causse_Mejean.jpg"	"Causses and Cévennes"
24.628	76.183	"http://commons.wikimedia.org/wiki/Special:FilePath/Gagron_fort.JPG"	"Gagron Fort"
3.5	36.05	"http://commons.wikimedia.org/wiki/Special:FilePath/Kenya_Aerial_2009-08-27_14-27-32.JPG"	"Central Island"
38.3739	26.0557	"http://en.wikipedia.org/wiki/Special:FilePath/Studite.jpg"	"Nea Moni of Chios"
46.4089	10.0197	"http://commons.wikimedia.org/wiki/Special:FilePath/RhB_ABe_4-4_III_mit_Bernina-Express_am_Lago_Bianco.jpg"	"Bernina railway"
61.7072	16.1958	"http://commons.wikimedia.org/wiki/Special:FilePath/Gästgivars.jpg"	"Decorated Farmhouses of Hälsingland"
36.7565	139.599	"http://commons.wikimedia.org/wiki/Special:FilePath/Nikko_Tosho-gu.jpg"	"Shrines and Temples of Nikko"
6.40111	-1.62583	"http://commons.wikimedia.org/wiki/Special:FilePath/Gold_Coast_Map_1896.jpg"	"Asante Traditional Buildings"
34.6143	135.734	"http://commons.wikimedia.org/wiki/Special:FilePath/Horyu-ji10s3200.jpg"	"Buddhist Monuments in the Hōryū-ji Area"
51.3667	-2.35	"http://commons.wikimedia.org/wiki/Special:FilePath/Aerial.view.of.bath.arp.jpg"	"Buildings and architecture of Bath"
60.5989	15.6122	"http://commons.wikimedia.org/wiki/Special:FilePath/Falu_koppargruva.jpg"	"Falun Mine"
69.1183	-49.5	"http://commons.wikimedia.org/wiki/Special:FilePath/Greenland_Ilulissat-25.jpg"	"Ilulissat Icefjord"
-27.0561	-55.7531	"http://commons.wikimedia.org/wiki/Special:FilePath/Trinidad_(Paraguay).JPG"	"Jesuit Missions of La Santísima Trinidad de Paraná and Jesús de Tavarangue"
43.0111	-7.5533	"http://commons.wikimedia.org/wiki/Special:FilePath/Muralla_romana_de_Lugo.JPG"	"Roman Walls of Lugo"
31.3267	120.626	"http://commons.wikimedia.org/wiki/Special:FilePath/Youyicun_garden.jpg"	"Classical Gardens of Suzhou"
36.8167	10.1667	"http://commons.wikimedia.org/wiki/Special:FilePath/100_5569.jpg"	"Medina of Tunis"
32.0537	48.8487	"http://commons.wikimedia.org/wiki/Special:FilePath/Shushtar_Historical_Hydraulic_System_Darafsh_(6).jpg"	"Shushtar Historical Hydraulic System"
40.6388	22.9476	"http://commons.wikimedia.org/wiki/Special:FilePath/Stdemetriusthess.jpg"	"Hagios Demetrios"
-50.75	166.104	"http://commons.wikimedia.org/wiki/Special:FilePath/NZOffshoreIslandsMap.png"	"New Zealand Subantarctic Islands"
49.2172	15.8789	"http://commons.wikimedia.org/wiki/Special:FilePath/Třebíč_Basilika_Jihlava_Ghetto.jpg"	"Jewish Quarter and St Procopius' Basilica in Trebic"
43.8578	11.3042	"http://commons.wikimedia.org/wiki/Special:FilePath/Cafaggiolo-Villa_front_large.jpg"	"Medici villas"
53.7037	-6.45027	"http://en.wikipedia.org/wiki/Special:FilePath/Dowth2014_1.JPG"	"Dowth"
54.7744	-1.57583	"http://commons.wikimedia.org/wiki/Special:FilePath/Durham_Union_Palace_Green.jpg"	"Palace Green"
38.917	-6.34314	"http://commons.wikimedia.org/wiki/Special:FilePath/Merida_Arco_de_Trajano.JPG"	"Roman Provincial Forum (Mérida)"
13.4333	103.833	"http://commons.wikimedia.org/wiki/Special:FilePath/Angkor_Wat.jpg"	"Angkor"
51.8419	-1.36139	"http://commons.wikimedia.org/wiki/Special:FilePath/Blenheim_Palace_cropped.jpg"	"Blenheim Palace"
45.0833	29.5	"http://commons.wikimedia.org/wiki/Special:FilePath/Delta_Dunarii_500.jpg"	"Danube Delta"
53.0203	-1.49972	"http://commons.wikimedia.org/wiki/Special:FilePath/Arkwright_Masson_Mills.jpg"	"Derwent Valley Mills"
50.8467	4.3525	"http://commons.wikimedia.org/wiki/Special:FilePath/Grand_place_brussels_WQ3.jpg"	"Grand Place"
-18.2861	147.7	"http://commons.wikimedia.org/wiki/Special:FilePath/Map_of_Great_Barrier_Reef_Demis.png"	"Great Barrier Reef"
41.4128	2.17444	"http://commons.wikimedia.org/wiki/Special:FilePath/Hospital_de_Sant_Pau_01.jpg"	"Hospital de Sant Pau"
47.3989	0.702778	"http://commons.wikimedia.org/wiki/Special:FilePath/Azay_le_rideau.jpg"	"Loire Valley"
48.4022	2.70056	"http://commons.wikimedia.org/wiki/Special:FilePath/Chateau_Fontainebleau.jpg"	"Palace of Fontainebleau"
41.3875	2.175	"http://commons.wikimedia.org/wiki/Special:FilePath/Palau_de_la_Música_Catalana,_the_Catalan_Concert_Hall.jpg"	"Palau de la Música Catalana"
-17.4631	128.564	"http://commons.wikimedia.org/wiki/Special:FilePath/Purnululu2.jpg"	"Purnululu National Park"
55.7542	37.62	"http://commons.wikimedia.org/wiki/Special:FilePath/RedSquare_(pixinn.net).jpg"	"Red Square"
39.8822	116.406	"http://commons.wikimedia.org/wiki/Special:FilePath/11_Temple_of_Heaven.jpg"	"Temple of Heaven"
53.5333	6.88333	"http://commons.wikimedia.org/wiki/Special:FilePath/Morze_Wattowe.png"	"Wadden Sea"
-42.6851	-73.5566	"http://commons.wikimedia.org/wiki/Special:FilePath/Iglesia_de_Detif,_isla_Lemuy,_Chiloé.jpg"	"Church of Detif"
31.1599	120.716	"http://commons.wikimedia.org/wiki/Special:FilePath/Retreat_garden_exp.jpg"	"Retreat & Reflection Garden"
13.7	-16.6333	"http://commons.wikimedia.org/wiki/Special:FilePath/Saloum.gif"	"Saloum Delta National Park"
41.1	14.3333	"http://commons.wikimedia.org/wiki/Special:FilePath/San_leucio.jpg"	"San Leucio"
41.4648	0.6971	"http://commons.wikimedia.org/wiki/Special:FilePath/064_Pintures_de_la_cova_dels_Moros,_exposició_al_Museu_de_Gavà.JPG"	"Roca dels Moros"
-24.35	-128.317	"http://commons.wikimedia.org/wiki/Special:FilePath/Henderson_Island_Map.jpg"	"Henderson Island (Pitcairn Islands)"
-20.4606	57.3136	"http://commons.wikimedia.org/wiki/Special:FilePath/Le_Morne1.jpg"	"Le Morne Brabant"
54.9926	-2.601	"http://commons.wikimedia.org/wiki/Special:FilePath/Limes_Germanicus_2nd_c.png"	"Limes"
11.3443	76.7919	"http://commons.wikimedia.org/wiki/Special:FilePath/Nilgiri_Mountain_Train.jpg"	"Nilgiri Mountain Railway"
-43.15	147.85	"http://commons.wikimedia.org/wiki/Special:FilePath/PortArthurPenitentiary.jpg"	"Port Arthur, Tasmania"
48.1845	16.3119	"http://en.wikipedia.org/wiki/Special:FilePath/Schloss_Schönbrunn_Wien_2014_(Zuschnitt_2).jpg"	"Schönbrunn Palace"
37.3839	-5.99139	"http://commons.wikimedia.org/wiki/Special:FilePath/Patio_de_las_doncellas.jpg"	"Alcázar of Seville"
37.3862	-5.99242	"http://commons.wikimedia.org/wiki/Special:FilePath/Sevilla_Cathedral_-_Giralda.jpg"	"Giralda"
-23.1997	-65.3489	"http://commons.wikimedia.org/wiki/Special:FilePath/Jujuy-Purmamarca-P3120033.JPG"	"Quebrada de Humahuaca"
8.91667	119.917	"http://commons.wikimedia.org/wiki/Special:FilePath/Tubbataha_Shark.jpg"	"Tubbataha Reef"
36.8833	15.0833	"http://commons.wikimedia.org/wiki/Special:FilePath/Ragusa-Chiesa-Anime-Purgatorio.JPG"	"Val di Noto"
43.6776	4.63069	"http://commons.wikimedia.org/wiki/Special:FilePath/Arles_Roman_theater_pillar_ruins.jpg"	"Arles, Roman and Romanesque Monuments"
-12.9719	-38.5081	"http://commons.wikimedia.org/wiki/Special:FilePath/Salvador-CCBY-2.jpg"	"Historic Center (Salvador)"
23.0933	102.78	"http://commons.wikimedia.org/wiki/Special:FilePath/Terrace_field_yunnan_china_denoised.jpg"	"Honghe Hani Rice Terraces"
39.0	72.0	"http://commons.wikimedia.org/wiki/Special:FilePath/USSR-Tajikistan-Peak_Communism.jpg"	"Pamir National Park"
31.7747	35.2278	"http://commons.wikimedia.org/wiki/Special:FilePath/Jerusalem,_city_wall.jpg"	"Walls of Jerusalem"
40.64	22.9535	"http://commons.wikimedia.org/wiki/Special:FilePath/Solun_-_bizantsko_kupaliste.jpg"	"Byzantine Bath (Thessaloniki)"
-42.6233	-73.773	"http://commons.wikimedia.org/wiki/Special:FilePath/Iglesia_de_Chonchi.jpg"	"Church of Chonchi"
38.7753	-4.83889	"http://commons.wikimedia.org/wiki/Special:FilePath/AntonijevRov-Idrija.jpg"	"Heritage of Mercury. Almadén and Idrija"
51.1204	3.1319	"http://commons.wikimedia.org/wiki/Special:FilePath/Brugge_beguinage.JPG"	"Ten Wijngaerde (Bruges Béguinage)"
50.4667	86.0	"http://commons.wikimedia.org/wiki/Special:FilePath/Jazator_Jul_006.jpg"	"Golden Mountains of Altai"
18.4732	-69.8817	"http://commons.wikimedia.org/wiki/Special:FilePath/Fortaleza_Ozama,_Santo_Domingo_(Rep._Dominicana)_(137)_(15962109997).jpg"	"Fortaleza Ozama"
42.3333	2.86667	"http://commons.wikimedia.org/wiki/Special:FilePath/Monasterio_de_Suso_(2).jpg"	"Monasteries of San Millán de la Cogolla"
50.42	3.98257	"http://commons.wikimedia.org/wiki/Special:FilePath/Spiennes1.jpg"	"Neolithic flint mines of Spiennes"
40.6389	22.9481	"http://commons.wikimedia.org/wiki/Special:FilePath/Stdemetriusthess.jpg"	"Paleochristian and Byzantine monuments of Thessaloniki"
-21.0851	55.2214	"http://commons.wikimedia.org/wiki/Special:FilePath/Saint-Gilles-vue-hélico.jpg"	"Reunion Island's coral reef"
38.5333	14.9	"http://commons.wikimedia.org/wiki/Special:FilePath/Aeolian_Islands_map.png"	"Aeolian Islands"
56.0386	12.6219	"http://commons.wikimedia.org/wiki/Special:FilePath/Helsingoer_Kronborg_Castle.jpg"	"Kronborg"
40.6428	22.9375	"http://commons.wikimedia.org/wiki/Special:FilePath/Church_of_the_Twelve_Apostles,_Thessaloniki,_full.JPG"	"Church of the Holy Apostles (Thessaloniki)"
51.2781	1.08833	"http://commons.wikimedia.org/wiki/Special:FilePath/Augustine_Abbey.jpg"	"St Augustine's Abbey"
0.329167	32.5533	"http://en.wikipedia.org/wiki/Special:FilePath/Kampala_Kasubi_Tombs.jpg"	"Kasubi Tombs"
38.9154	-6.3385	"http://commons.wikimedia.org/wiki/Special:FilePath/Merida_Roman_Theatre1.jpg"	"Roman Theatre (Mérida)"
49.75	6.63306	"http://commons.wikimedia.org/wiki/Special:FilePath/Augusta_Treverorum.jpg"	"Roman Monuments, Cathedral of St. Peter and Church of Our Lady in Trier UNESCO World Heritage Site"
11.1	40.5794	"http://commons.wikimedia.org/wiki/Special:FilePath/Awash_river.jpg"	"Awash River"
65.6458	22.0292	"http://commons.wikimedia.org/wiki/Special:FilePath/Gammelstad.jpg"	"Gammelstad Church Town"
11.2052	79.4528	"http://commons.wikimedia.org/wiki/Special:FilePath/Gangaikonda_Gopuram_5-10a.jpg"	"Gangaikonda Cholapuram"
-28.25	150.05	"http://commons.wikimedia.org/wiki/Special:FilePath/Box_Log_Falls.jpg"	"Gondwana Rainforests"
52.2497	21.0122	"http://commons.wikimedia.org/wiki/Special:FilePath/Warsaw_Old_Town_Market_Square_10.JPG"	"Old Town Market Place, Warsaw"
52.2498	21.0122	"http://commons.wikimedia.org/wiki/Special:FilePath/Plac_Zamkowy_w_Warszawie_widziany_z_wieży_kościoła_św._Anny.JPG"	"Warsaw Old Town"
10.9639	-74.7964	"http://commons.wikimedia.org/wiki/Special:FilePath/Baile_de_la_Cumbia_-_Barranquilla.jpg"	"Barranquilla's Carnival"
47.515	19.0778	"http://commons.wikimedia.org/wiki/Special:FilePath/HUN-2015-Budapest-Heroes’_Square.jpg"	"Hősök tere"
26.9247	75.8244	"http://commons.wikimedia.org/wiki/Special:FilePath/Jantar_Mantar_at_Jaipur.jpg"	"Jantar Mantar (Jaipur)"
49.0011	8.81278	"http://commons.wikimedia.org/wiki/Special:FilePath/Kloster_Maulbronn_2009.jpg"	"Maulbronn Monastery"
40.3661	49.8334	"http://commons.wikimedia.org/wiki/Special:FilePath/Palace_of_Shirvanshahs_common.JPG"	"Palace of the Shirvanshahs"
51.179	-1.828	"http://en.wikipedia.org/wiki/Special:FilePath/Cursus.jpg"	"Stonehenge Landscape"
56.4167	40.4333	"http://commons.wikimedia.org/wiki/Special:FilePath/Interior_view_of_the_Cathedral_of_the_Nativity.jpg"	"Cathedral of the Nativity, Suzdal"
45.5397	10.2281	"http://commons.wikimedia.org/wiki/Special:FilePath/San_salvatore1_brescia.jpg"	"San Salvatore, Brescia"
-11.0161	-37.21	"http://commons.wikimedia.org/wiki/Special:FilePath/Flickr_-_Ministério_da_Cultura_-_Praça_São_Francisco_-_São_Cristóvão_(SE)_(6).jpg"	"São Francisco Square"
50.275	92.7197	"http://commons.wikimedia.org/wiki/Special:FilePath/Uvs-Nuur_Hollow,_Mongolia,_Russia,_Landsat-7.jpg"	"Ubsunur Hollow"
50.0553	23.9821	"http://commons.wikimedia.org/wiki/Special:FilePath/Церква_Св.Духа_(Потелич).JPG"	"Descent of the Holy Spirit Church"
40.6331	22.9512	"http://commons.wikimedia.org/wiki/Special:FilePath/Stpanteleimon.jpg"	"Church of Saint Panteleimon (Thessaloniki)"
2.60944	16.5542		"Sangha Trinational"
44.838	-0.578		"Routes of Santiago de Compostela in France"
20.0778	105.605	"http://commons.wikimedia.org/wiki/Special:FilePath/Tay_Do_castle_South_gate.JPG"	"Citadel of the Hồ Dynasty"
7.18556	1.98806	"http://commons.wikimedia.org/wiki/Special:FilePath/Abomey-Königspalast3.jpg"	"Royal Palaces of Abomey"
51.8639	12.6525	"http://commons.wikimedia.org/wiki/Special:FilePath/Wittenberg_Lutherhaus_courtyard.jpg"	"Lutherhaus"
-29.3833	29.5406	"http://commons.wikimedia.org/wiki/Special:FilePath/Maluti.jpg"	"UKhahlamba-Drakensberg Park"
40.0742	20.1408	"http://commons.wikimedia.org/wiki/Special:FilePath/Gjiro1.jpg"	"Historic Centres of Berat and Gjirokastër"
40.6333	22.95	"http://commons.wikimedia.org/wiki/Special:FilePath/Agios_Nikolaos_Orphanos.JPG"	"Church of Saint Nicholas Orphanos"
58.5183	31.2856	"http://commons.wikimedia.org/wiki/Special:FilePath/Великий_Новгород_(50).JPG"	"Historic Monuments of Novgorod and Surroundings"
49.217	15.8736	"http://commons.wikimedia.org/wiki/Special:FilePath/Trebic_podklasteri_bazilika_velka_apsida.jpg"	"St. Procopius Basilica in Třebíč"
34.2436	36.0483	"http://commons.wikimedia.org/wiki/Special:FilePath/Forest_of_The_cedars_of_God.jpg"	"Cedars of God"
-18.0833	-52.9167	"http://commons.wikimedia.org/wiki/Special:FilePath/Araras_Pq_Emas.JPG"	"Emas National Park"
16.4697	107.578	"http://commons.wikimedia.org/wiki/Special:FilePath/PalaisHarmonie.jpg"	"Imperial City, Huế"
44.61	7.97	"http://commons.wikimedia.org/wiki/Special:FilePath/Borgomanero2.jpg"	"Langhe"
4.80035	35.9671	"http://commons.wikimedia.org/wiki/Special:FilePath/Omo_River_02.jpg"	"Omo River"
34.3028	135.955	"http://commons.wikimedia.org/wiki/Special:FilePath/Daimonzaka25_2048.jpg"	"Sacred Sites and Pilgrimage Routes in the Kii Mountain Range"
40.4	15.5667	"http://commons.wikimedia.org/wiki/Special:FilePath/Teggiano,_Vallo_di_Diano,_Italia_(panorama).jpg"	"Vallo di Diano"
50.9833	11.3167	"http://commons.wikimedia.org/wiki/Special:FilePath/GoetheSchillerStatueWeimar.JPG"	"Classical Weimar (World Heritage Site)"
12.6167	80.1917	"http://commons.wikimedia.org/wiki/Special:FilePath/India_-_Mamallapuram_-_030_-_Arjunas_Penance_Bas_Relief_(490988077).jpg"	"Descent of the Ganges (Mahabalipuram)"
14.8483	105.818	"http://commons.wikimedia.org/wiki/Special:FilePath/WatPhouwholesite.jpg"	"Vat Phou"
37.3144	26.5447	"http://commons.wikimedia.org/wiki/Special:FilePath/Cave_of_the_Apocalypse.jpg"	"Cave of the Apocalypse"
40.6368	22.9437	"http://commons.wikimedia.org/wiki/Special:FilePath/THES_Panaghia_Chalkeon_5944.JPG"	"Church of Panagia Chalkeon"
40.29	15.476	"http://commons.wikimedia.org/wiki/Special:FilePath/Cilento-Coast.JPG"	"Cilento"
49.9444	11.5783	"http://commons.wikimedia.org/wiki/Special:FilePath/Markgräfliches_Opernhaus_-_Bayreuth_-_2013.jpg"	"Margravial Opera House"
51.4864	7.04389	"http://en.wikipedia.org/wiki/Special:FilePath/Zeche_Zollverein_abends.jpg"	"Zollverein Coal Mine Industrial Complex"
53.0759	8.8076	"http://commons.wikimedia.org/wiki/Special:FilePath/Bremen_Rathaus_Markt_Bürgerschaft_Uns.Lb.Frauen.png"	"Bremen City Hall"
19.8874	86.0946	"http://commons.wikimedia.org/wiki/Special:FilePath/Konark_Sun_Temple_Front_view.jpg"	"Konark Sun Temple"
48.7758	16.775	"http://commons.wikimedia.org/wiki/Special:FilePath/LednickoValtickyAreal.jpg"	"Lednice–Valtice Cultural Landscape"
42.4947	1.59556	"http://commons.wikimedia.org/wiki/Special:FilePath/Refuge_perafita_andorra.jpg"	"Madriu-Perafita-Claror Valley"
34.2555	71.9507	"http://commons.wikimedia.org/wiki/Special:FilePath/Seri-Bahlol_Showing_village_view_and_agriculture_land.JPG"	"Seri Bahlol"
2.583	-76.033	"http://commons.wikimedia.org/wiki/Special:FilePath/Tombs_in_Tierra_Dentro.jpg"	"Tierradentro"
24.6061	116.975	"http://commons.wikimedia.org/wiki/Special:FilePath/Zhenchenglou.JPG"	"Fujian Tulou"
50.8717	4.6969	"http://commons.wikimedia.org/wiki/Special:FilePath/Leuven-Groot-Begijnhof.jpg"	"Grand Béguinage, Leuven"
-16.4	-71.5333	"http://commons.wikimedia.org/wiki/Special:FilePath/CatedralArequipa.JPG"	"Historic Centre of Arequipa"
49.8667	19.6833	"http://commons.wikimedia.org/wiki/Special:FilePath/Kalwariazebrzydowska.jpg"	"Kalwaria Zebrzydowska park"
38.5133	-28.5411	"http://commons.wikimedia.org/wiki/Special:FilePath/Landscape_of_the_Pico_Island_Vineyard_Culture.jpg"	"Landscape of the Pico Island Vineyard Culture"
47.657	25.5711	"http://commons.wikimedia.org/wiki/Special:FilePath/Manastirea_Moldovita,_vedere_laterala.jpg"	"Moldovița Monastery"
30.0239	57.2821	"http://commons.wikimedia.org/wiki/Special:FilePath/Baghe_shahzadeh2.jpg"	"Shazdeh Garden"
17.4316	99.7863	"http://commons.wikimedia.org/wiki/Special:FilePath/Histparksisatchanalai.png"	"Si Satchanalai Historical Park"
24.5872	117.055	"http://commons.wikimedia.org/wiki/Special:FilePath/Earth_buildings-Tianluokeng.jpg"	"Tianluokeng Tulou cluster"
44.1422	4.80472	"http://commons.wikimedia.org/wiki/Special:FilePath/Arc_de_Triomphe_d'Orange.jpg"	"Triumphal Arch of Orange"
27.3333	99.4167	"http://commons.wikimedia.org/wiki/Special:FilePath/Three_Parallel_Rivers_of_Yunnan_Protected_Areas_map01.png"	"Three Parallel Rivers of Yunnan Protected Areas"
41.1558	1.22611	"http://commons.wikimedia.org/wiki/Special:FilePath/Mausoleu_de_Centcelles.jpg"	"Roman villa of Centcelles"
-42.4814	-73.7639	"http://commons.wikimedia.org/wiki/Special:FilePath/Iglesia_de_Castro.jpg"	"Church of San Francisco, Castro"
-42.3351	-73.5042	"http://commons.wikimedia.org/wiki/Special:FilePath/Iglesia_de_San_Juan_-_Dalcahue_2.JPG"	"Church of San Juan Bautista, Dalcahue"
56.4164	40.4431	"http://commons.wikimedia.org/wiki/Special:FilePath/Suzdal_panorama-2005.jpg"	"Suzdal Kremlin"
35.5967	116.984	"http://commons.wikimedia.org/wiki/Special:FilePath/曲阜孔廟大成殿.jpg"	"Temple of Confucius, Qufu"
51.173	-1.799	"http://en.wikipedia.org/wiki/Special:FilePath/Vespasian's_Camp.jpg"	"Vespasian's Camp"
46.5642	0.866111	"http://commons.wikimedia.org/wiki/Special:FilePath/Abbaye_Saint-Savin-sur-Gartempe_2006-07-10_3.jpg"	"Abbey Church of Saint-Savin-sur-Gartempe"
45.6622	13.9883	"http://commons.wikimedia.org/wiki/Special:FilePath/SkocjanskeJame_2013jpg.jpg"	"Škocjan Caves"
50.2825	2.75889	"http://commons.wikimedia.org/wiki/Special:FilePath/Citadelle_Besançon.jpg"	"Fortifications of Vauban"
46.9167	9.25	"http://commons.wikimedia.org/wiki/Special:FilePath/Martinsloch.jpg"	"Glarus thrust"
17.0211	99.7036	"http://commons.wikimedia.org/wiki/Special:FilePath/Sukhothai_historical_park1.jpg"	"Historic Town of Sukhothai and Associated Historic Towns"
48.4611	18.9139	"http://commons.wikimedia.org/wiki/Special:FilePath/Banska_stiavnica_kalvaria.jpg"	"Kalvária Banská Štiavnica"
31.3175	120.588	"http://commons.wikimedia.org/wiki/Special:FilePath/Liuyuan.jpg"	"Lingering Garden"
31.3132	120.609	"http://commons.wikimedia.org/wiki/Special:FilePath/Mountain_Villa_with_Embracing_Beauty.jpg"	"Mountain Villa with Embracing Beauty"
23.8589	72.1016	"http://commons.wikimedia.org/wiki/Special:FilePath/Rani_ki_vav_02.jpg"	"Rani ki vav"
46.0239	10.35	"http://commons.wikimedia.org/wiki/Special:FilePath/Scena_di_duello_R6_-_Foppe_-_Nadro_(Foto_Luca_Giarelli).jpg"	"Rock Drawings in Valcamonica"
36.8561	-10.3151	"http://commons.wikimedia.org/wiki/Special:FilePath/Amphitheatre_carthage_2006.jpg"	"Carthage amphitheatre"
37.8792	-4.77972	"http://commons.wikimedia.org/wiki/Special:FilePath/Mezquita_córdoba_foto_aerea.JPG"	"Historic centre of Córdoba"
40.6409	22.9485	"http://commons.wikimedia.org/wiki/Special:FilePath/THES-Prophitis_Ilias_3.jpg"	"Church of Prophet Elijah (Thessaloniki)"
40.6418	22.9523	"http://commons.wikimedia.org/wiki/Special:FilePath/Monastery_of_Latomou_01.jpg"	"Church of Hosios David"
40.6432	22.9442	"http://commons.wikimedia.org/wiki/Special:FilePath/Thessaloniki_-_St_Catherine_church.jpg"	"Church of Saint Catherine, Thessaloniki"
-42.4718	-73.491	"http://commons.wikimedia.org/wiki/Special:FilePath/08._Achao,_Isla_de_Quinchao_(34).JPG"	"Church of Santa María de Loreto, Achao"
50.4625	3.54611	"http://commons.wikimedia.org/wiki/Special:FilePath/Bassin_minier_du_Nord-Pas-de-Calais_-_Vues_générales_du_patrimoine.jpg"	"Nord-Pas de Calais Mining Basin"
7.45	80.8	"http://commons.wikimedia.org/wiki/Special:FilePath/Sri_Pada_02.jpg"	"Central Highlands of Sri Lanka"
42.2525	8.65722	"http://commons.wikimedia.org/wiki/Special:FilePath/02_Calanche_Piana.jpg"	"Calanques de Piana"
29.6358	52.5253	"http://commons.wikimedia.org/wiki/Special:FilePath/Baghe_Eram_Shiraz.jpg"	"Eram Garden"
48.6939	6.18306	"http://commons.wikimedia.org/wiki/Special:FilePath/Nancy_Place_Stanislas_BW_2015-07-18_13-53-37.jpg"	"Place Stanislas"
44.1359	4.80886	"http://commons.wikimedia.org/wiki/Special:FilePath/3755_DSC_0425.JPG"	"Théâtre antique d'Orange"
49.2431	4.04194	"http://commons.wikimedia.org/wiki/Special:FilePath/Basilique_Saint-Remi_de_Reims_Exterior_1,_Reims,_France_-_Diliff.jpg"	"Abbey of Saint-Remi"
14.59	120.97	"http://en.wikipedia.org/wiki/Special:FilePath/Ph-mm-manila-intramuros-san_agustin_church_(2014).JPG"	"Baroque Churches of the Philippines"
-34.1667	18.375	"http://commons.wikimedia.org/wiki/Special:FilePath/Flora_at_Cape_Peninsula.JPG"	"Cape Floristic Region"
-14.0833	-47.6667	"http://commons.wikimedia.org/wiki/Special:FilePath/Veadeiros4_leofleck.jpg"	"Chapada dos Veadeiros National Park"
5.47167	-75.6817	"http://commons.wikimedia.org/wiki/Special:FilePath/Paisaje-Cafetero-Colombiano.png"	"Colombian coffee growing axis"
40.1766	29.1721	"http://commons.wikimedia.org/wiki/Special:FilePath/Cumalıkızık_7121.jpg"	"Cumalıkızık"
7.85	80.65	"http://commons.wikimedia.org/wiki/Special:FilePath/Dambulla-buddhastupa.jpg"	"Dambulla cave temple"
51.8636	12.2814	"http://commons.wikimedia.org/wiki/Special:FilePath/Wörlitzer_See_mit_St._Petri.jpg"	"Dessau-Wörlitz Garden Realm"
34.9775	126.932	"http://commons.wikimedia.org/wiki/Special:FilePath/Korea-Gwangju-Gochang_Dolmens_5350-06.JPG"	"Gochang, Hwasun and Ganghwa Dolmen Sites"
48.583	7.748	"http://commons.wikimedia.org/wiki/Special:FilePath/Absolute_ponts_couverts_02.jpg"	"Grande Île (Strasbourg)"
35.7889	129.227	"http://commons.wikimedia.org/wiki/Special:FilePath/Gjt0002.jpg"	"Gyeongju Historic Areas"
36.5381	128.521	"http://commons.wikimedia.org/wiki/Special:FilePath/Korea-Andong-Hahoe_Folk_Village-02.jpg"	"Hahoe Folk Village"
50.9739	11.3394	"http://commons.wikimedia.org/wiki/Special:FilePath/Weimar_Ilmpark_Haus_am_Horn.jpg"	"Haus am Horn"
22.191	113.536	"http://commons.wikimedia.org/wiki/Special:FilePath/大三巴.jpg"	"Historic Centre of Macau"
37.5747	126.994	"http://commons.wikimedia.org/wiki/Special:FilePath/Jeongjeon,_Jongmyo_Shrine_(oblique)_-_Seoul,_Korea.jpg"	"Jongmyo"
31.1046	77.1734	"http://en.wikipedia.org/wiki/Special:FilePath/KSR_Steam_special_at_Taradevi_05-02-13_56.jpeg"	"Kalka–Shimla Railway"
5.1	100.967	"http://commons.wikimedia.org/wiki/Special:FilePath/LenggongTown.PNG"	"Lenggong"
39.4528	-5.3275	"http://commons.wikimedia.org/wiki/Special:FilePath/Royal_Monastery_of_Santa_Maria_de_Guadalupe.jpg"	"Monastery of Santa María de Guadalupe"
37.1333	14.9833	"http://commons.wikimedia.org/wiki/Special:FilePath/Nekropolis_von_Pantalica.jpg"	"Necropolis of Pantalica"
55.9476	-3.19163	"http://commons.wikimedia.org/wiki/Special:FilePath/Old_Town_from_Princes_Street.JPG"	"Old Town, Edinburgh"
45.4014	11.88	"http://commons.wikimedia.org/wiki/Special:FilePath/Orto_botanico_padova.JPG"	"Orto botanico di Padova"
49.2531	4.03444	"http://commons.wikimedia.org/wiki/Special:FilePath/Palais_du_Tau_et_cathédrale.jpg"	"Palace of Tau"
38.2694	-0.698333	"http://commons.wikimedia.org/wiki/Special:FilePath/Arcoiris_en_el_Palmeral_de_Elche.jpg"	"Palmeral of Elche"
49.58	15.9419	"http://commons.wikimedia.org/wiki/Special:FilePath/Zdar_Zelena_hora_48.jpg"	"Pilgrimage Church of Saint John of Nepomuk"
45.0725	7.68583	"http://commons.wikimedia.org/wiki/Special:FilePath/Lesser_coat_of_arms_of_the_Kingdom_of_Italy_(1890).svg"	"Residences of the Royal House of Savoy"
38.9198	-6.3323	"http://commons.wikimedia.org/wiki/Special:FilePath/Merida_circus.jpg"	"Roman circus of Mérida"
42.3569	8.56667	"http://commons.wikimedia.org/wiki/Special:FilePath/0_Scandola_Osani_JPG01.jpg"	"Scandola Nature Reserve"
-8.25917	115.403	"http://commons.wikimedia.org/wiki/Special:FilePath/Bali_panorama.jpg"	"Subak (irrigation)"
44.0272	9.85056	"http://commons.wikimedia.org/wiki/Special:FilePath/Sochmell.JPG"	"Tino (island)"
39.9564	26.239	"http://commons.wikimedia.org/wiki/Special:FilePath/Troy_walls_VII_and_IX.jpg"	"Troy VII"
10.4903	-66.8906	"http://commons.wikimedia.org/wiki/Special:FilePath/Pastor_de_Nubes_o_Formes_de_Lutin.JPG"	"University City of Caracas"
61.0625	26.6375	"http://commons.wikimedia.org/wiki/Special:FilePath/Verla.JPG"	"Verla"
56.15	40.4167	"http://commons.wikimedia.org/wiki/Special:FilePath/VladUspensky.jpg"	"White Monuments of Vladimir and Suzdal"
49.983	20.0557	"http://commons.wikimedia.org/wiki/Special:FilePath/Wieliczka_salt_mine.jpg"	"Wieliczka Salt Mine"
37.1767	-3.59444	"http://commons.wikimedia.org/wiki/Special:FilePath/El_Albayzín_panorama_(2010).jpg"	"Albayzín"
31.593	34.8982	"http://commons.wikimedia.org/wiki/Special:FilePath/PikiWiki_Israel_1762_Archeological_sites_of_Israel_המערה_הפולנית.JPG"	"Maresha"
-27.3333	-55.5167	"http://commons.wikimedia.org/wiki/Special:FilePath/Ruinas_Loreto_Iglesia_02.jpg"	"Nuestra Señora de Loreto"
-27.3833	-55.5667	"http://commons.wikimedia.org/wiki/Special:FilePath/Santa_Ana_Jesuit-Guarani_mission_1.jpg"	"Nuestra Señora de Santa Ana"
26.0206	76.4542	"http://commons.wikimedia.org/wiki/Special:FilePath/Ranthambhore_Fort.jpg"	"Ranthambore Fort"
-27.55	-55.3333	"http://commons.wikimedia.org/wiki/Special:FilePath/Ruinas_Santa_Maria_Capilla_Viviendas.jpg"	"Reducción de Santa María la Mayor, Argentina"
45.0727	7.686	"http://commons.wikimedia.org/wiki/Special:FilePath/Torino-PalazzoReale.jpg"	"Royal Palace of Turin"
-20.1586	57.5031	"http://commons.wikimedia.org/wiki/Special:FilePath/Aapravasi_Ghat_latrines.jpg"	"Aapravasi Ghat"
45.0023	7.68681	"http://commons.wikimedia.org/wiki/Special:FilePath/Castle_of_Moncalieri_2818.jpg"	"Castle of Moncalieri"
53.1397	-4.27694	"http://commons.wikimedia.org/wiki/Special:FilePath/Caernarfon_Castle_1994.jpg"	"Castles and Town Walls of King Edward in Gwynedd"
39.3736	38.1236	"http://commons.wikimedia.org/wiki/Special:FilePath/DivrigiUluCami_(2006).jpg"	"Divriği Great Mosque and Hospital"
34.0611	-4.97778	"http://commons.wikimedia.org/wiki/Special:FilePath/Fes,_Old_Medina.jpg"	"Fes el Bali"
40.1056	49.3889	"http://commons.wikimedia.org/wiki/Special:FilePath/Qobustan.jpg"	"Gobustan National Park"
36.2569	136.906	"http://commons.wikimedia.org/wiki/Special:FilePath/Shirakawago_valley.jpg"	"Historic Villages of Shirakawa-gō and Gokayama"
38.3947	22.7467	"http://commons.wikimedia.org/wiki/Special:FilePath/20090803_hosiosloukas12.jpg"	"Hosios Loukas"
33.47	126.72	"http://commons.wikimedia.org/wiki/Special:FilePath/Halasan.jpg"	"Jeju Volcanic Island and Lava Tubes"
-31.6561	-64.4353	"http://commons.wikimedia.org/wiki/Special:FilePath/AltaGracia.jpg"	"Jesuit Block and Estancias of Córdoba"
-5.78371	144.332	"http://commons.wikimedia.org/wiki/Special:FilePath/Kuk_New_Guinea_2002.jpg"	"Kuk Swamp"
42.4589	-6.76	"http://commons.wikimedia.org/wiki/Special:FilePath/Panorámica_de_Las_Médulas.jpg"	"Las Médulas"
36.0492	14.2694	"http://commons.wikimedia.org/wiki/Special:FilePath/Malta_Hal_Tarxien_BW_2011-10-04_12-42-32.JPG"	"Megalithic Temples of Malta"
-46.583	-70.3	"http://commons.wikimedia.org/wiki/Special:FilePath/SantaCruz-CuevaManos-P2210079b.jpg"	"Pinturas River"
44.7	7.85	"http://commons.wikimedia.org/wiki/Special:FilePath/Colline_del_Roero_(Piemonte,_Italia).jpg"	"Roero"
-17.6281	168.178	"http://commons.wikimedia.org/wiki/Special:FilePath/Fele's_Cave.jpg"	"Roy Mata"
61.1194	21.775	"http://commons.wikimedia.org/wiki/Special:FilePath/Sammallahdenmäki_1.jpg"	"Sammallahdenmäki"
1.9167	-76.2333	"http://commons.wikimedia.org/wiki/Special:FilePath/Parque_Arqueológico_de_San_Agustín_-_Tumb_with_deity.jpg"	"San Agustín Archaeological Park"
30.833	103.0	"http://commons.wikimedia.org/wiki/Special:FilePath/Chengdu-pandas-d10.jpg"	"Sichuan Giant Panda Sanctuaries"
51.1789	-1.82528	"http://commons.wikimedia.org/wiki/Special:FilePath/Stonehenge_back_wide.jpg"	"Stonehenge, Avebury and Associated Sites"
56.467	16.55	"http://commons.wikimedia.org/wiki/Special:FilePath/Olandeketorp.jpg"	"Stora Alvaret"
43.0667	11.55	"http://commons.wikimedia.org/wiki/Special:FilePath/Val_d'orcia_-pienza.JPG"	"Val d'Orcia"
-24.1408	29.2008		"Makapansgat"
-14.4597	49.7025		"Rainforests of the Atsinanana"
56.95	24.1083	"http://commons.wikimedia.org/wiki/Special:FilePath/Riga_dom.jpg"	"Vecrīga"
65.6333	11.9	"http://commons.wikimedia.org/wiki/Special:FilePath/Vegavista.jpg"	"Vegaøyan"
49.2506	6.84528	"http://commons.wikimedia.org/wiki/Special:FilePath/Vhbabansicht.jpg"	"Völklingen Ironworks"
36.0011	129.253	"http://commons.wikimedia.org/wiki/Special:FilePath/Korea-Gyeongju-Yangdong.Village.jpg"	"Yangdong Folk Village"
12.6167	80.1917	"http://commons.wikimedia.org/wiki/Special:FilePath/Mahabalipuram_shore_temple.JPG"	"Group of Monuments at Mahabalipuram"
18.4775	-69.8828	"http://commons.wikimedia.org/wiki/Special:FilePath/Alcazar_de_Colon2.jpg"	"Alcázar de Colón"
-42.5931	-73.7882	"http://commons.wikimedia.org/wiki/Special:FilePath/Iglesia_de_Vilupulli.jpg"	"Church of Vilupulli"
36.1833	37.15	"http://commons.wikimedia.org/wiki/Special:FilePath/Aleppo_old_city_image.jpg"	"Ancient City of Aleppo"
20.2557	105.916	"http://commons.wikimedia.org/wiki/Special:FilePath/TrangAn04_sau_DenTrinh.JPG"	"Tràng An Scenic Landscape Complex"
-7.6078	110.204	"http://commons.wikimedia.org/wiki/Special:FilePath/Borobudur-Nothwest-view.jpg"	"Borobudur Temple Compounds"
45.5492	11.5489	"http://commons.wikimedia.org/wiki/Special:FilePath/CasaCogollo20070708-1.jpg"	"Casa Cogollo"
43.3653	-5.84606	"http://commons.wikimedia.org/wiki/Special:FilePath/Cruz_de_Asturias.svg"	"La Foncalada"
49.3478	23.4994	"http://commons.wikimedia.org/wiki/Special:FilePath/St.Jura(002).jpg"	"St. George's Church, Drohobych"
51.3158	9.39306	"http://commons.wikimedia.org/wiki/Special:FilePath/Herkules1_1.jpg"	"Bergpark Wilhelmshöhe"
49.9692	20.4175	"http://commons.wikimedia.org/wiki/Special:FilePath/Bochnia_poland_saltmine.jpg"	"Bochnia Salt Mine"
31.2965	120.622	"http://commons.wikimedia.org/wiki/Special:FilePath/Canglang_ting_UNESCO.jpg"	"Canglang Pavilion"
31.3183	120.635	"http://commons.wikimedia.org/wiki/Special:FilePath/20090905_Suzhou_Couple's_Retreat_Garden_4442.jpg"	"Couple's Retreat Garden"
31.3153	120.605	"http://commons.wikimedia.org/wiki/Special:FilePath/Garden_of_cultivation_for_unesco.jpg"	"Garden of Cultivation"
21.0364	105.843	"http://commons.wikimedia.org/wiki/Special:FilePath/Flag_tower,_Hanoi.jpg"	"Imperial Citadel of Thăng Long"
31.3232	120.625	"http://commons.wikimedia.org/wiki/Special:FilePath/20090905_Suzhou_Lion_Grove_Garden_4502.jpg"	"Lion Grove Garden"
45.5483	11.5461	"http://commons.wikimedia.org/wiki/Special:FilePath/PalazzoThiene20070705-02.jpg"	"Palazzo Thiene"
45.5464	11.5417	"http://commons.wikimedia.org/wiki/Special:FilePath/Palazzo_Thiene_Bonin_Longare_Vicenza_centro_storico.jpg"	"Palazzo Thiene Bonin Longare"
58.7011	11.3411	"http://commons.wikimedia.org/wiki/Special:FilePath/Tanumshede_2005_rock_carvings_5.jpg"	"Rock Carvings in Tanum"
39.79	-1.03333	"http://commons.wikimedia.org/wiki/Special:FilePath/Arte_rupertre_arco_mediterraneo.png"	"Rock art of the Iberian Mediterranean Basin"
35.5833	116.983	"http://commons.wikimedia.org/wiki/Special:FilePath/Flag_of_the_People's_Republic_of_China.svg"	"Temple and Cemetery of Confucius and the Kong Family Mansion in Qufu"
48.6347	-1.51056	"http://commons.wikimedia.org/wiki/Special:FilePath/Mont_st_michel_aerial.jpg"	"Mont Saint-Michel Bay"
43.3825	-4.11611	"http://commons.wikimedia.org/wiki/Special:FilePath/Techo_de_Altamira_(replica)-Museo_Arqueológico_Nacional.jpg"	"Cave of Altamira and Paleolithic Cave Art of Northern Spain"
43.291	-3.967	"http://commons.wikimedia.org/wiki/Special:FilePath/Plano_del_Monte_Castillo_(cuevas).png"	"Caves of Monte Castillo"
40.6975	-6.6611	"http://commons.wikimedia.org/wiki/Special:FilePath/Siega_Verde.JPG"	"Siega Verde"
34.3044	108.857	"http://commons.wikimedia.org/wiki/Special:FilePath/Silk_route_copy.jpg"	"Silk Road UNESCO World Heritage Sites"
55.2672	12.4233	"http://commons.wikimedia.org/wiki/Special:FilePath/Stevns_Klint_4525692589_da98ffd5a6_o.jpg"	"Stevns Klint"
51.8825	4.63333	"http://commons.wikimedia.org/wiki/Special:FilePath/Kinderdijk_-_Molen_Nederwaard_8.jpg"	"Windmills at Kinderdijk"
51.8825	4.64944	"http://commons.wikimedia.org/wiki/Special:FilePath/Kinderdijk_-_Molen_Nederwaard_8.jpg"	"Windmills at Kinderdijk"
51.8833	4.63333	"http://commons.wikimedia.org/wiki/Special:FilePath/Kinderdijk_-_Molen_Nederwaard_8.jpg"	"Windmills at Kinderdijk"
51.8833	4.64944	"http://commons.wikimedia.org/wiki/Special:FilePath/Kinderdijk_-_Molen_Nederwaard_8.jpg"	"Windmills at Kinderdijk"
48.4667	20.5	"http://commons.wikimedia.org/wiki/Special:FilePath/Minerva_sisakja.jpg"	"Baradla cave"
48.984	22.8546	"http://commons.wikimedia.org/wiki/Special:FilePath/Wooden_Church_St._Michael_of_Ushok,_Ukraine.jpg"	"Church of the Archangel Michael, Uzhok"
50.0553	23.9821	"http://commons.wikimedia.org/wiki/Special:FilePath/Zolkiew_Cerkiew_Pr_Trojce_02.jpg"	"Holy Trinity Church, Zhovkva"
49.2172	15.8772	"http://commons.wikimedia.org/wiki/Special:FilePath/Třebíč_Basilika_Jihlava_Ghetto.jpg"	"Jewish Quarter of Trebic"
53.03	18.62	"http://commons.wikimedia.org/wiki/Special:FilePath/Torun5DSC_0113.JPG"	"Medieval Town of Toruń"
-18.249	-43.6	"http://commons.wikimedia.org/wiki/Special:FilePath/Igreja_Matriz,_Diamantina.jpg"	"Diamantina, Minas Gerais"
-47.1553	-70.6553	"http://en.wikipedia.org/wiki/Special:FilePath/SantaCruz-CuevaManos-P2210651b.jpg"	"Cueva de las Manos"
-15.75	29.3333	"http://commons.wikimedia.org/wiki/Special:FilePath/ZmbziRvr.jpg"	"Mana Pools"
55.9562	-3.19893	"http://commons.wikimedia.org/wiki/Special:FilePath/Edinburgh_New_Town_from_Edinburgh_Castle.jpg"	"New Town, Edinburgh"
54.6833	25.2833	"http://commons.wikimedia.org/wiki/Special:FilePath/Vilnius_Ostrobramska.jpg"	"Vilnius Old Town"
40.9875	117.938	"http://commons.wikimedia.org/wiki/Special:FilePath/Chengde_Mountain_Resort_1.jpg"	"Chengde Mountain Resort"
-33.7	150.0	"http://en.wikipedia.org/wiki/Special:FilePath/Jamison_Valley,_Blue_Mountains,_Australia_-_Nov_2008.jpg"	"Greater Blue Mountains Area"
69.0469	94.1581	"http://commons.wikimedia.org/wiki/Special:FilePath/Plato_Putorana_01.jpg"	"Putorana Plateau"
53.0759	8.80731	"http://commons.wikimedia.org/wiki/Special:FilePath/RolandBremen01.jpg"	"Bremen Roland"
35.6186	116.986	"http://commons.wikimedia.org/wiki/Special:FilePath/Confuciustombqufu.jpg"	"Cemetery of Confucius"
-20.4119	164.566	"http://commons.wikimedia.org/wiki/Special:FilePath/Lagoons_and_Reefs_of_New_Caledonia_May_10,_2001.jpg"	"New Caledonia Barrier Reef"
46.6292	10.4478	"http://commons.wikimedia.org/wiki/Special:FilePath/Benediktinerkloster_St._Johann.JPG"	"Saint John Abbey, Müstair"
4.6155	-74.069	"http://commons.wikimedia.org/wiki/Special:FilePath/Proseción_Semana_Santa_en_Popayán..jpg"	"Holy Week in Popayán"
43.7731	11.2561	"http://commons.wikimedia.org/wiki/Special:FilePath/Firenze_2004_10.JPG"	"Historic Centre of Florence"
46.5	8.03333	"http://commons.wikimedia.org/wiki/Special:FilePath/Finsteraarhorn_and_surrounding_mounts.jpg"	"Jungfrau-Aletsch protected area"
22.9989	57.5361	"http://commons.wikimedia.org/wiki/Special:FilePath/FalajDaris.JPG"	"Aflaj Irrigation Systems of Oman"
20.03	-75.3914	"http://commons.wikimedia.org/wiki/Special:FilePath/Cuba_Cafetal_Isabelica_P1080153a.jpg"	"Archaeological Landscape of the First Coffee Plantations in the South-East of Cuba"
23.27	56.745	"http://commons.wikimedia.org/wiki/Special:FilePath/World_Heritage_Grave_Al_Ayn_Oman.JPG"	"Archaeological Sites of Bat, Al-Khutm and Al-Ayn"
12.5933	-12.8458	"http://commons.wikimedia.org/wiki/Special:FilePath/BedikVillage.jpg"	"Bassari Country"
15.5024	73.9117	"http://commons.wikimedia.org/wiki/Special:FilePath/Se_cathedral_goa.jpg"	"Churches and convents of Goa"
37.9109	40.2273	"http://commons.wikimedia.org/wiki/Special:FilePath/Diyarbakir_walls.JPG"	"Diyarbakır Fortress"
37.9109	40.2273	"http://commons.wikimedia.org/wiki/Special:FilePath/Tigris_River_At_Diyarbakir.JPG"	"Hevsel Gardens"
55.9136	12.3578	"http://commons.wikimedia.org/wiki/Special:FilePath/Jægersborg_Dyrehave_-_Hermitage_Pavilion_and_deer.jpg"	"Par force hunting landscape in North Zealand"
59.8786	8.59361	"http://commons.wikimedia.org/wiki/Special:FilePath/Furnace_House_A_Notodden.jpg"	"Rjukan–Notodden Industrial Heritage Site"
29.3281	-98.46	"http://commons.wikimedia.org/wiki/Special:FilePath/Mission_Espada_Chapel1.JPG"	"San Antonio Missions (World Heritage Site)"
37.4297	21.9003	"http://commons.wikimedia.org/wiki/Special:FilePath/Temple_apollon_vasses2_OLC.jpg"	"Bassae"
53.6928	-6.44932	"http://commons.wikimedia.org/wiki/Special:FilePath/Newgrange.JPG"	"Brú na Bóinne"
44.15	3.25	"http://commons.wikimedia.org/wiki/Special:FilePath/Causse_Mejean,_Cevennes_National_Park,_France.jpg"	"Causses"
4.0	-56.5	"http://commons.wikimedia.org/wiki/Special:FilePath/Amazon_jungle_from_above.jpg"	"Central Suriname Nature Reserve"
36.4353	48.7967	"http://commons.wikimedia.org/wiki/Special:FilePath/Soltaniyeh_interiors.jpg"	"Dome of Soltaniyeh"
59.9667	16.0083	"http://commons.wikimedia.org/wiki/Special:FilePath/Engelsberg-Huettenwerk-01.jpg"	"Engelsberg Ironworks"
-20.2083	-69.7944	"http://commons.wikimedia.org/wiki/Special:FilePath/Humberstone.jpg"	"Humberstone and Santa Laura Saltpeter Works"
31.326	120.625	"http://commons.wikimedia.org/wiki/Special:FilePath/Suzhou_Zhuozheng_Yuan_2015.04.23_08-13-49.jpg"	"Humble Administrator's Garden"
-15.0367	40.7328	"http://commons.wikimedia.org/wiki/Special:FilePath/Fort_Sao_Sebastiao.gif"	"Island of Mozambique"
50.067	19.96	"http://commons.wikimedia.org/wiki/Special:FilePath/Krakau_Markt.jpg"	"Kraków Old Town"
22.6568	89.7964	"http://commons.wikimedia.org/wiki/Special:FilePath/Shat-Gambuj-Mashjid.jpg"	"Mosque City of Bagerhat"
53.2229	26.6917	"http://commons.wikimedia.org/wiki/Special:FilePath/Нясвіж_і_Нясвіжскі_замак_12.jpg"	"Nesvizh Castle"
34.7758	32.4056	"http://commons.wikimedia.org/wiki/Special:FilePath/Tombs_of_the_Kings_(Paphos).jpg"	"Tombs of the Kings (Paphos)"
37.2906	13.5855	"http://commons.wikimedia.org/wiki/Special:FilePath/Valle_dei_Templi_3214.jpg"	"Valle dei Templi"
47.6408	4.38972	"http://commons.wikimedia.org/wiki/Special:FilePath/Fontenay_-_general.JPG"	"Abbey of Fontenay"
24.2927	55.7941	"http://commons.wikimedia.org/wiki/Special:FilePath/Alley_in_Al_Ain_Oasis.JPG"	"Hili Archaeological Park"
35.1072	132.438	"http://commons.wikimedia.org/wiki/Special:FilePath/Iwami_Ginzan_Silver_Mine,_Shimizudani_Refinery_Ruins_001.JPG"	"Iwami Ginzan Silver Mine"
13.3175	-16.3614	"http://commons.wikimedia.org/wiki/Special:FilePath/River_gambia_galleryfull.jpg"	"Kunta Kinteh Island"
34.5556	112.47	"http://commons.wikimedia.org/wiki/Special:FilePath/Lushena_Buddha_at_Longmen_Grottos_in_Luoyang.JPG"	"Longmen Grottoes"
34.3967	64.5161	"http://commons.wikimedia.org/wiki/Special:FilePath/Minaret_of_jam_2009_ghor.jpg"	"Minaret of Jam"
40.3661	49.835	"http://commons.wikimedia.org/wiki/Special:FilePath/Tağlı_ibadətgah_İçərişəhər.jpg"	"Old City (Baku)"
31.7767	35.2342	"http://commons.wikimedia.org/wiki/Special:FilePath/Old_City_(Jerusalem).jpg"	"Old City (Jerusalem)"
46.9479	7.44731	"http://commons.wikimedia.org/wiki/Special:FilePath/Bern_luftaufnahme.png"	"Old City of Bern"
-8.66667	-42.55	"http://commons.wikimedia.org/wiki/Special:FilePath/20030924PPedraFurada9.jpg"	"Serra da Capivara National Park"
-26.0064	-48.9606	"http://commons.wikimedia.org/wiki/Special:FilePath/Teresopolis-DedoDeus2.jpg"	"Serra do Mar"
-2.5	101.5	"http://commons.wikimedia.org/wiki/Special:FilePath/Man_of_the_woods.JPG"	"Tropical Rainforest Heritage of Sumatra"
31.05	-7.13333	"http://commons.wikimedia.org/wiki/Special:FilePath/Kasbahs_in_Aït_Benhaddou.JPG"	"Aït Benhaddou"
37.3092	26.5481	"http://commons.wikimedia.org/wiki/Special:FilePath/Vue_du_Monastère_Saint-Jean-le-Théologien_de_Patmos.JPG"	"Monastery of Saint John the Theologian"
-42.5103	-73.266	"http://commons.wikimedia.org/wiki/Special:FilePath/Iglesia_de_Quinchao_restaurada.jpg"	"Church of Quinchao"
26.25	50.61	"http://commons.wikimedia.org/wiki/Special:FilePath/Isa_Bin_Ali_House.jpg"	"Bahrain Pearling Trail"
50.8278	3.265	"http://commons.wikimedia.org/wiki/Special:FilePath/Beffroi_de_Courtrai.JPG"	"Belfry of Kortrijk"
12.6167	80.025	"http://commons.wikimedia.org/wiki/Special:FilePath/Vsvarahacave.jpg"	"Varaha Cave Temple"
-42.5103	-73.266	"http://commons.wikimedia.org/wiki/Special:FilePath/Iglesia_de_Caguach.jpg"	"Church of Caguach"
-42.2501	-73.3661	"http://commons.wikimedia.org/wiki/Special:FilePath/Iglesia_de_Colo_hacia_arriba.JPG"	"Church of Colo"
-42.6159	-73.7198	"http://commons.wikimedia.org/wiki/Special:FilePath/Iglesia_de_Ichuac.jpg"	"Church of Ichuac"
-42.4925	-73.7806	"http://commons.wikimedia.org/wiki/Special:FilePath/Iglesia_de_Nercón.JPG"	"Church of Nercón"
-42.2247	-73.3908	"http://commons.wikimedia.org/wiki/Special:FilePath/Iglesia_de_Dalcahue-fachada.jpg"	"Church of Our Lady of Sorrows, Dalcahue"
-42.3326	-73.3734	"http://commons.wikimedia.org/wiki/Special:FilePath/Tenaun_Church.jpg"	"Church of Tenaún"
37.2581	55.1689	"http://commons.wikimedia.org/wiki/Special:FilePath/Gonbad-e_Qabus.JPG"	"Gonbad-e Qabus (tower)"
-40.32	-9.94	"http://commons.wikimedia.org/wiki/Special:FilePath/Tristan_Map.png"	"Gough and Inaccessible Islands"
24.8833	74.6461	"http://commons.wikimedia.org/wiki/Special:FilePath/Chittorgarh_Fort.jpg"	"Hill Forts of Rajasthan"
35.6117	116.975	"http://commons.wikimedia.org/wiki/Special:FilePath/Confuciusmansionqufu.jpg"	"Kong Family Mansion"
19.05	20.4833	"http://commons.wikimedia.org/wiki/Special:FilePath/Ounianga_Lakes_from_ISS.jpg"	"Lakes of Ounianga"
51.5269	11.5501	"http://commons.wikimedia.org/wiki/Special:FilePath/Luther_Memorialgebäude.jpg"	"Martin Luther's Birth House"
32.67	34.9653	"http://commons.wikimedia.org/wiki/Special:FilePath/Nahal_MearotDSCN0502.JPG"	"Nahal Me'arot Nature Reserve"
54.9789	49.0564	"http://commons.wikimedia.org/wiki/Special:FilePath/Булгарское_городище_9.JPG"	"Bolghar"
-25.9672	27.6625	"http://commons.wikimedia.org/wiki/Special:FilePath/Australopithecus_africanus_-_Cast_of_taung_child_Face.jpg"	"Cradle of Humankind"
43.3825	-4.11611	"http://commons.wikimedia.org/wiki/Special:FilePath/Techo_de_Altamira_(replica)-Museo_Arqueológico_Nacional.jpg"	"Cave of Altamira"
43.2067	2.36361	"http://commons.wikimedia.org/wiki/Special:FilePath/Carcasonneouterwall.jpg"	"Cité de Carcassonne"
-19.25	22.75	"http://commons.wikimedia.org/wiki/Special:FilePath/Okavango_Delta_map.png"	"Okavango Delta"
26.8667	100.233	"http://commons.wikimedia.org/wiki/Special:FilePath/1_lijiang_old_town_2012a.jpg"	"Old Town of Lijiang"
17.0211	99.7036	"http://commons.wikimedia.org/wiki/Special:FilePath/Histparksukhothai.png"	"Sukhothai Historical Park"
32.8122	34.9864	"http://commons.wikimedia.org/wiki/Special:FilePath/CarmelArc.jpg"	"Bahá'í World Centre buildings"
-37.8061	144.97	"http://commons.wikimedia.org/wiki/Special:FilePath/Aerial_Photo_of_Royal_Exhibition_Building,_Melbourne.jpg"	"Carlton Gardens"
40.6329	22.9468	"http://commons.wikimedia.org/wiki/Special:FilePath/Holy_Wisdom_Salonica_1.jpg"	"Hagia Sophia, Thessaloniki"
-3.93194	39.5961	"http://commons.wikimedia.org/wiki/Special:FilePath/Kaya-skog.jpg"	"Kaya (Mijikenda)"
3.05	36.0167	"http://commons.wikimedia.org/wiki/Special:FilePath/LakeTurkanaSouthIsland.jpg"	"Lake Turkana National Parks"
51.2183	4.39806	"http://commons.wikimedia.org/wiki/Special:FilePath/Library_of_Plantin-Moretus_Museum_in_Antwerp.jpg"	"Plantin-Moretus Museum"
-27.2553	-55.5317	"http://commons.wikimedia.org/wiki/Special:FilePath/San_Ignacio_Miní_mission_ruins.jpg"	"San Ignacio Miní"
-28.5333	-54.55	"http://commons.wikimedia.org/wiki/Special:FilePath/Ruinas_de_Sao_Miguel_das_Missoes.jpg"	"São Miguel das Missões"
32.0778	34.7739	"http://commons.wikimedia.org/wiki/Special:FilePath/Tel_Aviv_Ben_Gurion_-_Emil_Zola_2011.jpg"	"White City (Tel Aviv)"
40.3372	15.6519	"http://commons.wikimedia.org/wiki/Special:FilePath/Certosa_di_Padula_-_la_facciata_sulla_corte_esterna_(XVI_secolo_-_1723).jpg"	"Certosa di Padula"
50.505	-4.181	"http://commons.wikimedia.org/wiki/Special:FilePath/Abandoned_building_at_New_Quay.jpg"	"New Quay (Devon)"
41.1569	126.187	"http://commons.wikimedia.org/wiki/Special:FilePath/Kevsunblush2.JPG"	"Capital Cities and Tombs of the Ancient Koguryo Kingdom"
5.02056	-2.59778	"http://commons.wikimedia.org/wiki/Special:FilePath/Nzulezo1.jpg"	"Nzulezo"
44.0235	9.85126	"http://commons.wikimedia.org/wiki/Special:FilePath/Tinetto.JPG"	"Tinetto"
13.8353	-16.4986	"http://commons.wikimedia.org/wiki/Special:FilePath/Saloum.gif"	"Saloum Delta"
17.5486	103.358	"http://commons.wikimedia.org/wiki/Special:FilePath/Wat_Pho_Si_Nai_-_UNESCO_World_Heritage_Site_plaque.JPG"	"Ban Chiang"
51.054	16.196	"http://commons.wikimedia.org/wiki/Special:FilePath/Swidnica_-_Kosciol_Pokoju_1.jpg"	"Churches of Peace"
31.0017	103.605	"http://commons.wikimedia.org/wiki/Special:FilePath/Dujiang_Weir.jpg"	"Dujiangyan irrigation system"
34.3955	132.454	"http://commons.wikimedia.org/wiki/Special:FilePath/Genbaku_Dome04-r.JPG"	"Hiroshima Peace Memorial"
20.9	107.2	"http://commons.wikimedia.org/wiki/Special:FilePath/Thien_Cung.jpg"	"Hạ Long Bay"
32.7667	-17.0	"http://commons.wikimedia.org/wiki/Special:FilePath/Laurazeen_wood_madeira_hg.jpg"	"Laurel forest"
24.696	84.9914	"http://commons.wikimedia.org/wiki/Special:FilePath/Mahabodhitemple.jpg"	"Mahabodhi Temple"
53.4512	26.473	"http://commons.wikimedia.org/wiki/Special:FilePath/Комплекс_Мирского_замка.JPG"	"Mir Castle Complex"
40.0372	94.8042	"http://commons.wikimedia.org/wiki/Special:FilePath/Dunhuang_Mogao_Ku_2013.12.31_12-30-18.jpg"	"Mogao Caves"
43.2906	-4.4581		"Cave of Chufín"
28.0	40.9		"Rock Art in the Ha'il Region"
10.3	-3.53333		"Ruins of Loropéni"
-42.6012	-73.5161		"Church of Chelín"
-42.5196	-73.6286		"Church of Rilán"
52.5214	13.3956	"http://en.wikipedia.org/wiki/Special:FilePath/Berlin_Museumsinsel_Fernsehturm.jpg"	"Museum Island"
-24.8853	15.4078	"http://commons.wikimedia.org/wiki/Special:FilePath/Namib_desert_MODIS.jpg"	"Namib Desert"
-14.7167	-75.1333	"http://commons.wikimedia.org/wiki/Special:FilePath/Nazca_monkey.jpg"	"Nazca Lines"
53.8372	-1.79026	"http://commons.wikimedia.org/wiki/Special:FilePath/Saltaire_Salts_Mill_1.jpg"	"Saltaire"
47.643	15.831	"http://commons.wikimedia.org/wiki/Special:FilePath/Semmeringbahn_um_1900.jpeg"	"Semmering railway"
42.3597	116.179	"http://commons.wikimedia.org/wiki/Special:FilePath/Xanadu_on_Map_of_Asia.JPG"	"Shangdu"
7.95694	80.7597	"http://commons.wikimedia.org/wiki/Special:FilePath/Sigiriya.jpg"	"Sigiriya"
52.3744	4.89306	"http://commons.wikimedia.org/wiki/Special:FilePath/Stelling_van_Amsterdam_the_Netherlands.svg"	"Stelling van Amsterdam"
54.1161	-1.57306	"http://commons.wikimedia.org/wiki/Special:FilePath/Studley_Royal,_Ripon.jpg"	"Studley Royal Park"
39.9975	116.269	"http://commons.wikimedia.org/wiki/Special:FilePath/Scenery_of_Longevity_Hill.JPG"	"Summer Palace"
26.3333	5.0	"http://commons.wikimedia.org/wiki/Special:FilePath/Tassili_n’Ajjer_National_Park_NASA_Landsat_7_(2000).jpg"	"Tassili n'Ajjer"
42.6258	25.3992	"http://commons.wikimedia.org/wiki/Special:FilePath/Kazanluk_1.jpg"	"Thracian Tomb of Kazanlak"
47.4664	3.74861	"http://commons.wikimedia.org/wiki/Special:FilePath/Basilique_Sainte-Marie-Madeleine_de_Vézelay.jpg"	"Vézelay Abbey"
29.2667	110.367	"http://commons.wikimedia.org/wiki/Special:FilePath/Zhangjiajie-Hunan.jpg"	"Wulingyuan"
27.1795	78.0211	"http://commons.wikimedia.org/wiki/Special:FilePath/Agra_Fort_Entrance_Gate.jpg"	"Agra Fort"
40.6333	14.6	"http://commons.wikimedia.org/wiki/Special:FilePath/Sentier_des_dieux-Positano-gb.JPG"	"Amalfi Coast"
40.6333	22.9529	"http://commons.wikimedia.org/wiki/Special:FilePath/Thessaloniki_Arch_and_tomb_of_Galerius.jpg"	"Arch of Galerius and Rotunda"
-16.5	-39.25	"http://commons.wikimedia.org/wiki/Special:FilePath/Baía_de_Antonina_vista_da_Serra_do_Mar2.JPG"	"Atlantic Forest"
50.8275	6.90806	"http://commons.wikimedia.org/wiki/Special:FilePath/Schloss_Augustusburg_in_Brühl_4.jpg"	"Augustusburg and Falkenlust Palaces, Brühl"
51.4286	-1.85417	"http://commons.wikimedia.org/wiki/Special:FilePath/Avebury_Panorama,_Wiltshire,_UK_-_Diliff.jpg"	"Avebury"
14.35	100.583	"http://commons.wikimedia.org/wiki/Special:FilePath/Ayuthistparkmap.png"	"Ayutthaya Historical Park"
38.0808	46.2923	"http://commons.wikimedia.org/wiki/Special:FilePath/Carpet_Bazaar_of_Tabriz.JPG"	"Bazaar of Tabriz"
31.8369	35.5472	"http://commons.wikimedia.org/wiki/Special:FilePath/Sapsaphas_Madaba.jpg"	"Bethabara"
22.9372	77.6125	"http://commons.wikimedia.org/wiki/Special:FilePath/Rock_Shelter_8,_Bhimbetka_02.jpg"	"Bhimbetka rock shelters"
26.9981	142.218	"http://commons.wikimedia.org/wiki/Special:FilePath/Ogasawara_islands.png"	"Bonin Islands"
60.3975	5.32333	"http://commons.wikimedia.org/wiki/Special:FilePath/Bryggen,_Bergen3.JPG"	"Bryggen"
34.832	67.8268	"http://commons.wikimedia.org/wiki/Special:FilePath/Afghanistan_Statua_di_Budda_1.jpg"	"Buddhas of Bamiyan"
35.79	129.332	"http://commons.wikimedia.org/wiki/Special:FilePath/Bulguk_Tempel.jpg"	"Bulguksa"
42.459	-5.883	"http://commons.wikimedia.org/wiki/Special:FilePath/Stjacquescompostelle1.png"	"Camino de Santiago"
37.5794	126.992	"http://commons.wikimedia.org/wiki/Special:FilePath/Changdeokgung-Injeongjeon.jpg"	"Changdeokgung"
44.3876	4.41406	"http://commons.wikimedia.org/wiki/Special:FilePath/Chauvethorses.jpg"	"Chauvet Cave"
-33.8468	151.171	"http://commons.wikimedia.org/wiki/Special:FilePath/CockatooIslandPanorama.jpg"	"Cockatoo Island (New South Wales)"
38.8631	125.415	"http://commons.wikimedia.org/wiki/Special:FilePath/Goguryeo_tomb_mural.jpg"	"Complex of Goguryeo Tombs"
45.5967	9.53611	"http://commons.wikimedia.org/wiki/Special:FilePath/Crespi_d'Adda_fabbrica.JPG"	"Crespi d'Adda"
55.2744	20.9708	"http://commons.wikimedia.org/wiki/Special:FilePath/Pilkosios_kopos1.jpg"	"Curonian Spit"
38.0131	23.6358	"http://commons.wikimedia.org/wiki/Special:FilePath/Gotic_Dafni.jpg"	"Daphni Monastery"
27.045	88.2672	"http://commons.wikimedia.org/wiki/Special:FilePath/DHR_780_on_Batasia_Loop_05-02-21_08.jpeg"	"Darjeeling Himalayan Railway"
24.7333	46.5756	"http://commons.wikimedia.org/wiki/Special:FilePath/Diriyahpic.jpg"	"Diriyah"
54.7749	-1.57558	"http://commons.wikimedia.org/wiki/Special:FilePath/Yard2.jpg"	"Durham Castle"
18.9583	72.9306	"http://commons.wikimedia.org/wiki/Special:FilePath/Elephanta_Caves_Trimurti.jpg"	"Elephanta Caves"
20.0264	75.1792	"http://commons.wikimedia.org/wiki/Special:FilePath/Kailasha_temple_at_ellora.JPG"	"Ellora Caves"
27.091	77.661	"http://commons.wikimedia.org/wiki/Special:FilePath/General_Plan_of_Fatehpur_Sikri_City_India_1917.jpg"	"Fatehpur Sikri"
-4.06274	39.6796	"http://commons.wikimedia.org/wiki/Special:FilePath/Fort_JesusMombasa.jpg"	"Fort Jesus"
35.6797	51.4203	"http://commons.wikimedia.org/wiki/Special:FilePath/Golestan_palace_Tehran.jpg"	"Golestan Palace"
35.8	128.1	"http://commons.wikimedia.org/wiki/Special:FilePath/Korea-Haeinsa-07.jpg"	"Haeinsa"
30.0036	117.982	"http://commons.wikimedia.org/wiki/Special:FilePath/Nanhu_Lake.jpg"	"Hongcun"
52.6266	-2.48	"http://commons.wikimedia.org/wiki/Special:FilePath/Ironbridge002.JPG"	"Ironbridge Gorge"
34.2958	132.32	"http://commons.wikimedia.org/wiki/Special:FilePath/Itsukushima_Gate.jpg"	"Itsukushima Shrine"
-2.17028	-62.6172	"http://commons.wikimedia.org/wiki/Special:FilePath/NEO_lake_jau_big.jpg"	"Jaú National Park"
55.7558	9.41944	"http://commons.wikimedia.org/wiki/Special:FilePath/Runesten_i_Jelling.jpg"	"Jelling stones"
50.7056	-2.98989	"http://commons.wikimedia.org/wiki/Special:FilePath/Jurassic_Coast_west_of_St_Aldhelm's_Head.JPG"	"Jurassic Coast"
51.4226	-1.8478	"http://commons.wikimedia.org/wiki/Special:FilePath/Avebury,_West_Kennet_Avenue,_Wiltshire,_UK_-_Diliff.jpg"	"Kennet Avenue"
51.8825	4.63333	"http://commons.wikimedia.org/wiki/Special:FilePath/Kinderdijkwindmolen3.JPG"	"Kinderdijk"
51.8825	4.64944	"http://commons.wikimedia.org/wiki/Special:FilePath/Kinderdijkwindmolen3.JPG"	"Kinderdijk"
51.8833	4.63333	"http://commons.wikimedia.org/wiki/Special:FilePath/Kinderdijkwindmolen3.JPG"	"Kinderdijk"
51.8833	4.64944	"http://commons.wikimedia.org/wiki/Special:FilePath/Kinderdijkwindmolen3.JPG"	"Kinderdijk"
55.6694	37.6689	"http://commons.wikimedia.org/wiki/Special:FilePath/Kolomenskoe_Ascension_Church_and_the_bell_tower_of_the_George_Church.jpg"	"Kolomenskoye"
63.5	21.0	"http://commons.wikimedia.org/wiki/Special:FilePath/Kvarken.png"	"Kvarken"
31.5903	74.3097	"http://commons.wikimedia.org/wiki/Special:FilePath/Lahore_Fort_view_from_Baradari.jpg"	"Lahore Fort"
67.317	17.567	"http://commons.wikimedia.org/wiki/Special:FilePath/Sarek_Skierffe_Rapadelta.jpg"	"Laponian area"
29.5472	103.769	"http://commons.wikimedia.org/wiki/Special:FilePath/Leshan_Buddha_Statue_View.JPG"	"Leshan Giant Buddha"
43.3	27.15	"http://commons.wikimedia.org/wiki/Special:FilePath/Мадарски_конник_2015.JPG"	"Madara Rider"
16.9272	-96.3594	"http://commons.wikimedia.org/wiki/Special:FilePath/Mitla.JPG"	"Mitla"
34.2125	135.586	"http://commons.wikimedia.org/wiki/Special:FilePath/Danjogaran_Koyasan12n3200.jpg"	"Mount Kōya"
29.5725	115.973	"http://commons.wikimedia.org/wiki/Special:FilePath/Mount_Lushan_-_fog.JPG"	"Mount Lu"
37.9817	38.7411	"http://commons.wikimedia.org/wiki/Special:FilePath/Nemrut_Mountain_Peak.JPG"	"Mount Nemrut"
37.4667	127.183	"http://commons.wikimedia.org/wiki/Special:FilePath/Khitai5.jpg"	"Namhansanseong"
15.503	73.912	"http://commons.wikimedia.org/wiki/Special:FilePath/Se_cathedral_goa.jpg"	"Old Goa"
61.1283	21.5117	"http://commons.wikimedia.org/wiki/Special:FilePath/Rauma_3.jpg"	"Old Rauma"
43.9508	4.8075	"http://commons.wikimedia.org/wiki/Special:FilePath/Avignon,_Palais_des_Papes_depuis_Tour_Philippe_le_Bel_by_JM_Rosier.jpg"	"Palais des Papes"
37.9205	29.121	"http://commons.wikimedia.org/wiki/Special:FilePath/Pamukkale.jpg"	"Pamukkale"
-18.0	-56.5	"http://commons.wikimedia.org/wiki/Special:FilePath/Pantanal,_south-central_South_America_5170.jpg"	"Pantanal"
43.7233	10.3953	"http://commons.wikimedia.org/wiki/Special:FilePath/CampodeiMiracoliPisa_edit.jpg"	"Piazza dei Miracoli"
-7.75222	110.492	"http://commons.wikimedia.org/wiki/Special:FilePath/Prambanan_Trimurti.jpg"	"Prambanan"
28.5244	77.1854	"http://commons.wikimedia.org/wiki/Special:FilePath/Qutb_minar_ruins.jpg"	"Qutb complex"
47.7	9.06667	"http://commons.wikimedia.org/wiki/Special:FilePath/Reichenau_PeterPaul.jpg"	"Reichenau Island"
-19.083	138.717	"http://commons.wikimedia.org/wiki/Special:FilePath/Riversleigh.jpg"	"Riversleigh"
43.7167	25.9667	"http://commons.wikimedia.org/wiki/Special:FilePath/Tsar_John_Alexander_of_Bulgaria.jpg"	"Rock-hewn Churches of Ivanovo"
41.2494	32.6832	"http://commons.wikimedia.org/wiki/Special:FilePath/Safranbolu_traditional_houses.jpg"	"Safranbolu"
47.5594	13.6464	"http://commons.wikimedia.org/wiki/Special:FilePath/Hallstatt_300.jpg"	"Salzkammergut"
23.4794	77.7396	"http://commons.wikimedia.org/wiki/Special:FilePath/Sanchi_Stupa_from_Eastern_gate,_Madhya_Pradesh.jpg"	"Sanchi"
-7.45	110.85	"http://commons.wikimedia.org/wiki/Special:FilePath/Sangiran_17-02.JPG"	"Sangiran"
52.6342	5.77787	"http://commons.wikimedia.org/wiki/Special:FilePath/Schokland4.jpg"	"Schokland"
35.795	129.349	"http://commons.wikimedia.org/wiki/Special:FilePath/Seokguram_Buddha.JPG"	"Seokguram"
31.5858	74.3819	"http://commons.wikimedia.org/wiki/Special:FilePath/Shalamar-garden-01.JPG"	"Shalimar Gardens, Lahore"
-25.5	113.5	"http://commons.wikimedia.org/wiki/Special:FilePath/Shark_Bay_Phytoplankton_in_Bloom.jpg"	"Shark Bay"
40.47	140.13	"http://commons.wikimedia.org/wiki/Special:FilePath/Sirakami_santi.JPG"	"Shirakami-Sanchi"
51.4156	-1.8575	"http://commons.wikimedia.org/wiki/Special:FilePath/SilburyHill_gobeirne.jpg"	"Silbury Hill"
59.2756	18.0994	"http://commons.wikimedia.org/wiki/Special:FilePath/Skogskyrk_Grav_2006.jpg"	"Skogskyrkogården"
65.0833	35.8833	"http://commons.wikimedia.org/wiki/Special:FilePath/Gorskii_03961u.jpg"	"Solovetsky Islands"
-6.16494	39.1988	"http://commons.wikimedia.org/wiki/Special:FilePath/Zanzibar_sultan_palace.jpg"	"Stone Town"
-41.583	145.417	"http://commons.wikimedia.org/wiki/Special:FilePath/CradleMountain.jpg"	"Tasmanian Wilderness World Heritage Area"
-45.036	167.32	"http://commons.wikimedia.org/wiki/Special:FilePath/NZ_Te_Wahipounamu_NTNL_parks.svg"	"Te Wahipounamu"
63.0	18.4167	"http://commons.wikimedia.org/wiki/Special:FilePath/High_Coast_from_Skuleberget_-_Panorama.jpg"	"The High Coast"
51.41	-1.83173	"http://commons.wikimedia.org/wiki/Special:FilePath/Thesanctuary.jpg"	"The Sanctuary"
43.745	26.7663	"http://commons.wikimedia.org/wiki/Special:FilePath/Sveshtari_Thracian_tomb_Bulgaria_IFB.JPG"	"Thracian Tomb of Sveshtari"
35.8	128.1	"http://commons.wikimedia.org/wiki/Special:FilePath/Korea-Haeinsa-Tripitaka_Koreana-01.jpg"	"Tripitaka Koreana"
30.7333	79.6333	"http://commons.wikimedia.org/wiki/Special:FilePath/Valley_of_flowers_uttaranchal_full_view.JPG"	"Valley of Flowers National Park"
57.1056	12.3903	"http://commons.wikimedia.org/wiki/Special:FilePath/Varberg_Radio_Station.jpg"	"Varberg Radio Station"
41.9625	12.7961	"http://commons.wikimedia.org/wiki/Special:FilePath/Villa_d'Este_01.jpg"	"Villa d'Este"
65.0667	60.15	"http://commons.wikimedia.org/wiki/Special:FilePath/Four_herous01.JPG"	"Virgin Komi Forests"
-27.0	27.5	"http://commons.wikimedia.org/wiki/Special:FilePath/Vredefort_Dome_STS51I-33-56AA.jpg"	"Vredefort crater"
30.237	120.141	"http://commons.wikimedia.org/wiki/Special:FilePath/Pagoda_on_Lake_(2514).jpg"	"West Lake"
-17.5	145.75	"http://commons.wikimedia.org/wiki/Special:FilePath/Rain_Forest_Daintree_Australia.jpg"	"Wet Tropics of Queensland"
47.6833	10.9	"http://commons.wikimedia.org/wiki/Special:FilePath/Wies_eingang.jpg"	"Wieskirche"
51.4415	-1.87622	"http://commons.wikimedia.org/wiki/Special:FilePath/Windmill_Hill_from_the_White_Horse_Trail,_Winterbourne_Monkton_-_geograph.org.uk_-_1010976.jpg"	"Windmill Hill, Avebury"
32.4008	111.004	"http://commons.wikimedia.org/wiki/Special:FilePath/Wudangshan_pic_2.jpg"	"Wudang Mountains"
49.7928	9.93861	"http://commons.wikimedia.org/wiki/Special:FilePath/2004-06-27-Germany-Wuerzburg-Lutz_Marten-Residenz_side_view_1.jpg"	"Würzburg Residence"
29.9044	117.988	"http://commons.wikimedia.org/wiki/Special:FilePath/Xidi1024x1360.jpg"	"Xidi"
40.1097	113.122	"http://commons.wikimedia.org/wiki/Special:FilePath/Yungang11_2010.JPG"	"Yungang Grottoes"
39.6892	115.924	"http://commons.wikimedia.org/wiki/Special:FilePath/Zhoukoudian_Entrance.JPG"	"Zhoukoudian"
47.5106	19.0714	"http://commons.wikimedia.org/wiki/Special:FilePath/Hősök_tere_éjszaka_-_Budapest.jpg"	"Andrássy út"
-12.0514	-77.0431	"http://en.wikipedia.org/wiki/Special:FilePath/Lima1750.jpg"	"Historic Centre of Lima"
44.0	40.0	"http://commons.wikimedia.org/wiki/Special:FilePath/Autumn_in_Caucasus.JPG"	"Western Caucasus"
22.9667	57.3	"http://commons.wikimedia.org/wiki/Special:FilePath/Bahla_Fort.jpg"	"Bahla Fort"
51.4033	4.7638	"http://commons.wikimedia.org/wiki/Special:FilePath/BeguinageTerHoyenGhent04.jpg"	"Beguinage"
32.6575	51.6724	"http://commons.wikimedia.org/wiki/Special:FilePath/Chehel_Sotoon.jpg"	"Chehel Sotoun"
-20.4997	-43.8578	"http://commons.wikimedia.org/wiki/Special:FilePath/Sanctuary_of_Bom_Jesus_do_Congonhas.jpg"	"Congonhas"
29.3828	105.473	"http://commons.wikimedia.org/wiki/Special:FilePath/大足石刻.JPG"	"Dazu Rock Carvings"
41.1017	-7.79889	"http://commons.wikimedia.org/wiki/Special:FilePath/Altodourovinhateiro.JPG"	"Douro DOC"
33.9464	51.3726	"http://commons.wikimedia.org/wiki/Special:FilePath/Fingarden_11.JPG"	"Fin Garden"
34.2198	108.959	"http://commons.wikimedia.org/wiki/Special:FilePath/Giant_Wild_Goose_Pagoda.jpg"	"Giant Wild Goose Pagoda"
38.6431	34.8289	"http://commons.wikimedia.org/wiki/Special:FilePath/Göreme_town_and_valley_2015.JPG"	"Göreme"
41.946	12.7725	"http://commons.wikimedia.org/wiki/Special:FilePath/Canopus_vanaf_serapium.jpg"	"Hadrian's Villa"
47.6	21.1	"http://commons.wikimedia.org/wiki/Special:FilePath/Hortobagy-ziehbrunnen.jpg"	"Hortobágy National Park"
48.2097	16.37	"http://commons.wikimedia.org/wiki/Special:FilePath/Wien_Wappen_Innere_Stadt.png"	"Innere Stadt"
30.046	31.2627	"http://commons.wikimedia.org/wiki/Special:FilePath/Islamic-cairo-street.jpg"	"Islamic Cairo"
41.378	60.364	"http://commons.wikimedia.org/wiki/Special:FilePath/KhivaWalls.jpg"	"Itchan Kala"
27.704	85.309	"http://commons.wikimedia.org/wiki/Special:FilePath/Basantapurpalace.JPG"	"Kathmandu Valley"
36.9464	11.0992	"http://commons.wikimedia.org/wiki/Special:FilePath/Kerkouane1.JPG"	"Kerkouane"
-8.96	39.5128	"http://commons.wikimedia.org/wiki/Special:FilePath/GreatMosque.jpg"	"Kilwa Kisiwani"
53.7017	-6.49167	"http://commons.wikimedia.org/wiki/Special:FilePath/KnowthPS.jpg"	"Knowth"
-27.133	-55.7	"http://commons.wikimedia.org/wiki/Special:FilePath/Trinidad_(Paraguay).JPG"	"La Santísima Trinidad de Paraná"
49.6536	8.56972	"http://commons.wikimedia.org/wiki/Special:FilePath/Torhalle_Kloster_Lorsch.jpg"	"Lorsch Abbey"
49.9175	8.7567	"http://commons.wikimedia.org/wiki/Special:FilePath/MesselFossilPit081310.JPG"	"Messel pit"
31.002	103.605	"http://commons.wikimedia.org/wiki/Special:FilePath/FRONT_GATE_OF_QINGCHENG.JPG"	"Mount Qingcheng"
32.6578	51.6772	"http://commons.wikimedia.org/wiki/Special:FilePath/Esfahan-shah-sq.jpg"	"Naqsh-e Jahan Square"
47.5567	102.831	"http://commons.wikimedia.org/wiki/Special:FilePath/Orchon-mongolei.JPG"	"Orkhon Valley"
47.5528	17.7611	"http://commons.wikimedia.org/wiki/Special:FilePath/Pannonhalma_-_Bencés_apátság.jpg"	"Pannonhalma Archabbey"
50.1736	7.69417	"http://commons.wikimedia.org/wiki/Special:FilePath/Mittelrhein_Burg_Katz.jpg"	"Rhine Gorge"
69.9469	23.1878	"http://commons.wikimedia.org/wiki/Special:FilePath/RockCarvings_in_Alta.jpg"	"Rock carvings at Alta"
32.9625	73.5889	"http://commons.wikimedia.org/wiki/Special:FilePath/Rohtas_Fort_Magnificent_Kabuli_Gate.jpg"	"Rohtas Fort"
13.6911	-15.5225	"http://commons.wikimedia.org/wiki/Special:FilePath/Wassu_Stone_Circle.jpg"	"Senegambian stone circles"
39.05	66.8333	"http://commons.wikimedia.org/wiki/Special:FilePath/Kok-Gumbaz.JPG"	"Shahrisabz"
34.3208	71.9458	"http://commons.wikimedia.org/wiki/Special:FilePath/Takht-i-Bahi3.jpg"	"Takht-i-Bahi"
16.2897	-0.0444444	"http://commons.wikimedia.org/wiki/Special:FilePath/Askia.jpg"	"Tomb of Askia"
-42.5	-63.9333	"http://commons.wikimedia.org/wiki/Special:FilePath/Robben-001.jpg"	"Valdes Peninsula"
-18.75	47.55	"http://commons.wikimedia.org/wiki/Special:FilePath/View_of_Ambohimanga_sacred_hill_Madagascar.JPG"	"Ambohimanga"
-11.75	160.467	"http://commons.wikimedia.org/wiki/Special:FilePath/Dugout_canoe_Rennell.jpg"	"East Rennell"
18.2533	53.6476	"http://commons.wikimedia.org/wiki/Special:FilePath/Ruins6.JPG"	"Frankincense Trail"
37.2775	127.017	"http://commons.wikimedia.org/wiki/Special:FilePath/Hwaseong2.jpg"	"Hwaseong Fortress"
10.1	1.06667	"http://commons.wikimedia.org/wiki/Special:FilePath/Togo_Taberma_house_02.jpg"	"Koutammakou"
7.75556	4.55222	"http://commons.wikimedia.org/wiki/Special:FilePath/Templo_Osun3.jpg"	"Osun-Osogbo"
-28.5491	-54.5559	"http://commons.wikimedia.org/wiki/Special:FilePath/Interior_sao_miguel_das_missoes.jpg"	"Ruins of São Miguel das Missões"
40.6667	16.6083	"http://commons.wikimedia.org/wiki/Special:FilePath/Matera01.jpg"	"Sassi di Matera"
10.7406	13.5719	"http://commons.wikimedia.org/wiki/Special:FilePath/Sukur2.jpg"	"Sukur"
-4.32917	55.7375	"http://commons.wikimedia.org/wiki/Special:FilePath/Dense_forest_Vallee_de_Mai.JPG"	"Vallée de Mai"
40.948	-4.1177	"http://en.wikipedia.org/wiki/Special:FilePath/Aqueduct_of_Segovia_08.jpg"	"Aqueduct of Segovia"
36.3256	74.6697	"http://en.wikipedia.org/wiki/Special:FilePath/Baltit_Fort_East_Elevation.JPG"	"Baltit Fort"
22.5	73.5	"http://en.wikipedia.org/wiki/Special:FilePath/Jama_masjid_in_Champaner.JPG"	"Champaner-Pavagadh Archaeological Park"
12.6081	37.4697	"http://commons.wikimedia.org/wiki/Special:FilePath/Fasilides_Palace_01.jpg"	"Fasil Ghebbi"
10.7831	79.1325	"http://commons.wikimedia.org/wiki/Special:FilePath/Chola_sculpture.jpg"	"Great Living Chola Temples"
46.4919	6.74611	"http://commons.wikimedia.org/wiki/Special:FilePath/Lake_Geneva_Lavaux.jpg"	"Lavaux"
-22.5625	113.81	"http://commons.wikimedia.org/wiki/Special:FilePath/Whale_shark_Australia.jpg"	"Ningaloo Coast"
51.2128	-1.855	"http://en.wikipedia.org/wiki/Special:FilePath/Flag_of_the_United_Kingdom.svg"	"Robin Hood's Ball"
39.0922	44.5444	"http://commons.wikimedia.org/wiki/Special:FilePath/Ghare_Kelisa.jpg"	"St. Thaddeus Monastery"
40.5306	72.7839	"http://commons.wikimedia.org/wiki/Special:FilePath/Kyrgyzstan_Osh_with_Suleiman_Hill.jpg"	"Sulayman Mountain"
24.8333	10.3333	"http://commons.wikimedia.org/wiki/Special:FilePath/Tadrart_Acacus_1.jpg"	"Tadrart Acacus"
29.2708	30.0439	"http://commons.wikimedia.org/wiki/Special:FilePath/Whale_skeleton_2.jpg"	"Wadi Al-Hitan"
48.6856	20.9725	"http://commons.wikimedia.org/wiki/Special:FilePath/Domica_Cave_22.jpg"	"Caves of Aggtelek Karst and Slovak Karst"
18.0	9.0	"http://commons.wikimedia.org/wiki/Special:FilePath/Tenere_Air_park_map.png"	"Aïr and Ténéré National Nature Reserve"
42.65	0.05	"http://commons.wikimedia.org/wiki/Special:FilePath/Bigorre3.jpg"	"Pyrénées – Mont Perdu World Heritage Site"
38.9886	141.11	"http://commons.wikimedia.org/wiki/Special:FilePath/Mōtsū-ji.JPG"	"Historic Monuments and Sites of Hiraizumi"
51.5503	14.7267	"http://commons.wikimedia.org/wiki/Special:FilePath/1024_2012-1-sept-5088.jpg"	"Muskau Park"
50.7206	23.2586	"http://commons.wikimedia.org/wiki/Special:FilePath/Ormianska1.JPG"	"Old City of Zamość"
41.132	1.3189	"http://commons.wikimedia.org/wiki/Special:FilePath/TarragonaTorreScipioni.jpg"	"Torre dels Escipions"
38.8806	-7.16333	"http://commons.wikimedia.org/wiki/Special:FilePath/Elvas_e_muralhas.jpg"	"Garrison Border Town of Elvas and its Fortifications"
-18.175	-63.8194	"http://commons.wikimedia.org/wiki/Special:FilePath/JscFuerteSamaipata1.jpg"	"El Fuerte de Samaipata"
52.8461	5.68028	"http://commons.wikimedia.org/wiki/Special:FilePath/Woudagemaal_1.jpg"	"Ir.D.F. Woudagemaal"
32.4872	3.68139	"http://commons.wikimedia.org/wiki/Special:FilePath/Ghardaia.jpg"	"M'zab"
36.2556	138.887	"http://commons.wikimedia.org/wiki/Special:FilePath/富岡製糸場・繰糸場.jpg"	"Tomioka Silk Mill"
30.841	29.6631	"http://commons.wikimedia.org/wiki/Special:FilePath/Abu_Mena_Ancient_Monastery_04.JPG"	"Abu Mena"
31.3003	120.63	"http://commons.wikimedia.org/wiki/Special:FilePath/Masterofthenetsgardeninsummer.jpg"	"Master of the Nets Garden"
43.8027	75.535	"http://commons.wikimedia.org/wiki/Special:FilePath/Tanbaly.jpg"	"Tamgaly"
41.0592	14.4017	"http://commons.wikimedia.org/wiki/Special:FilePath/Vanvitelli_aqueduct.jpg"	"Aqueduct of Vanvitelli"
39.11	-0.864167	"http://commons.wikimedia.org/wiki/Special:FilePath/Cueva_arana.svg"	"Cuevas de la Araña en Bicorp"
60.9484	125.985	"http://commons.wikimedia.org/wiki/Special:FilePath/Lena_Pillars_20050716_16.JPG"	"Lena Pillars"
45.5486	11.5456	"http://commons.wikimedia.org/wiki/Special:FilePath/Palazzo_Barbaran_Da_Porto_facciata.jpg"	"Palazzo Barbaran da Porto"
45.549	11.5452	"http://commons.wikimedia.org/wiki/Special:FilePath/Palazzo_Porto_sett07.jpg"	"Palazzo Porto, Vicenza"
45.5472	11.5458	"http://commons.wikimedia.org/wiki/Special:FilePath/Palazzo_del_Capitanio_-_Vicenza.jpg"	"Palazzo del Capitaniato"
55.5833	158.783	"http://commons.wikimedia.org/wiki/Special:FilePath/Petropavlovsk_Kamcatskij_Volcan_Koriacky_in_background.jpg"	"Volcanoes of Kamchatka"
-16.2748	-62.5072	"http://commons.wikimedia.org/wiki/Special:FilePath/Concepcion_church.JPG"	"Jesuit Missions of Chiquitos"
53.4067	-2.99444	"http://commons.wikimedia.org/wiki/Special:FilePath/Albert_dock_at_night.jpg"	"Liverpool Maritime Mercantile City"
42.43	18.77	"http://en.wikipedia.org/wiki/Special:FilePath/20090719_Crkva_Gospa_od_Zdravlja_Kotor_Bay_Montenegro.jpg"	"Natural and Culturo-Historical Region of Kotor"
38.9162	-6.33772	"http://commons.wikimedia.org/wiki/Special:FilePath/Circo_romano_de_Merida.JPG"	"Amphitheatre of Mérida"
38.9169	-6.34314	"http://commons.wikimedia.org/wiki/Special:FilePath/Le_Temple_de_Diane.jpg"	"Roman Forum (Mérida)"
34.2829	35.9516		"Kadisha Valley"
