"name","lat","long","depict"
"アゾレス諸島のアングラ・ド・エロイズモの中心地区",38.65,-27.2167,"http://commons.wikimedia.org/wiki/Special:FilePath/Cidade_de_Angra_do_Heroísmo,_ilha_Terceira,_Açores.jpg"
"アンブヒマンガの丘の王領地",-18.75,47.55,"http://commons.wikimedia.org/wiki/Special:FilePath/Ambohimanga_14.jpg"
"ウェストミンスター宮殿、ならびに聖マーガレット教会を含むウェストミンスター寺院",51.4992,-0.124722,"http://commons.wikimedia.org/wiki/Special:FilePath/Parliament_at_Sunset.JPG"
"ジンバブエ遺跡",-20.2731,30.9343,"http://commons.wikimedia.org/wiki/Special:FilePath/Great-Zimbabwe-2.jpg"
"国史跡グレート・",-20.2731,30.9343,"http://commons.wikimedia.org/wiki/Special:FilePath/Great-Zimbabwe-2.jpg"
"ザンジバル島の",-6.16494,39.1988,"http://commons.wikimedia.org/wiki/Special:FilePath/Dares_222.jpg"
"ストーン・タウン",-6.16494,39.1988,"http://commons.wikimedia.org/wiki/Special:FilePath/Dares_222.jpg"
"ショーヴェ＝ポン・ダルク洞窟とも呼ばれる",44.3876,4.41406,"http://commons.wikimedia.org/wiki/Special:FilePath/20,000_Year_Old_Cave_Paintings_Hyena.png"
"アルデシュ県ポン・ダルクの装飾洞窟",44.3876,4.41406,"http://commons.wikimedia.org/wiki/Special:FilePath/20,000_Year_Old_Cave_Paintings_Hyena.png"
"ブレナム宮殿",51.8419,-1.36139,"http://commons.wikimedia.org/wiki/Special:FilePath/Blenheim_Palace_IMG_3673.JPG"
"グリメトン無線局",57.1056,12.3903,"http://commons.wikimedia.org/wiki/Special:FilePath/Grimeton_VLF_transmitter_2004.jpg"
"ヴァールベリの",57.1056,12.3903,"http://commons.wikimedia.org/wiki/Special:FilePath/Grimeton_VLF_transmitter_2004.jpg"
"人類化石遺跡群",-25.9672,27.6625,"http://commons.wikimedia.org/wiki/Special:FilePath/SterkfonteinCave.jpg"
"南アフリカの",-25.9672,27.6625,"http://commons.wikimedia.org/wiki/Special:FilePath/SterkfonteinCave.jpg"
"アジャンターの",20.5524,75.7004,"http://commons.wikimedia.org/wiki/Special:FilePath/Ajantha1.jpg"
"石窟寺院群",20.5524,75.7004,"http://commons.wikimedia.org/wiki/Special:FilePath/Ajantha1.jpg"
"エローラ石窟寺院群",20.0264,75.1792,"http://commons.wikimedia.org/wiki/Special:FilePath/Ellora_cave16_001.jpg"
"エヴォラ歴史地区",38.5708,-7.90556,"http://commons.wikimedia.org/wiki/Special:FilePath/EVR.png"
"オリンピアの考古遺跡",37.6381,21.6306,"http://commons.wikimedia.org/wiki/Special:FilePath/Olympia-stadion.jpg"
"http://ja.dbpedia.org/resource/アントニ・ガウディの作品群",41.4145,2.15268,"http://commons.wikimedia.org/wiki/Special:FilePath/Parc_gueell_1.jpeg"
"コルドバ歴史地区",37.8792,-4.77972,"http://commons.wikimedia.org/wiki/Special:FilePath/2002-10-26_11-15_Andalusien,_Lissabon_182_Córdoba,_Mezquita.jpg"
"サン・アグスティン",1.91667,-76.2333,"http://commons.wikimedia.org/wiki/Special:FilePath/San_Agustin_parque_arqueologic.jpg"
"考古公園",1.91667,-76.2333,"http://commons.wikimedia.org/wiki/Special:FilePath/San_Agustin_parque_arqueologic.jpg"
"デロス島",37.4,25.2667,"http://commons.wikimedia.org/wiki/Special:FilePath/20100706_Terrace_of_the_Lions_Delos_Cyclades_Greece.jpg"
"バンスカー・シュチャヴニツァ歴史地区と近隣の工業建築物群",48.4581,18.8964,"http://commons.wikimedia.org/wiki/Special:FilePath/SK_BS_Trinity_Square.PNG"
"パドヴァの植物園（オルト・ボタニコ）",45.3991,11.8807,"http://commons.wikimedia.org/wiki/Special:FilePath/OrtoBotPadova_Incrocio_viali.jpg"
"ヒルデスハイムの聖マリア大聖堂と聖ミカエル聖堂",52.1529,9.9435,"http://commons.wikimedia.org/wiki/Special:FilePath/St_Michaels_Church_Hildesheim.jpg"
"ピサのドゥオモ広場",43.7233,10.3953,"http://commons.wikimedia.org/wiki/Special:FilePath/CampodeiMiracoliPisa_edit.jpg"
"フレデフォート・ドーム",-27.0,27.5,"http://commons.wikimedia.org/wiki/Special:FilePath/Vredefort_Dome_STS51I-33-56AA.jpg"
"http://ja.dbpedia.org/resource/コルドバ歴史地区",37.8792,-4.77972,"http://commons.wikimedia.org/wiki/Special:FilePath/Mezquita_de_Córdoba_desde_el_aire_(Córdoba,_España).jpg"
"オアハカの歴史地区と",17.0439,-96.7678,"http://commons.wikimedia.org/wiki/Special:FilePath/Mexico.Oax.MonteAlban.Panorama.02.jpg"
"モンテ＝アルバンの考古遺跡",17.0439,-96.7678,"http://commons.wikimedia.org/wiki/Special:FilePath/Mexico.Oax.MonteAlban.Panorama.02.jpg"
"ワディ・アル・ヒタン",29.2708,30.0439,"http://commons.wikimedia.org/wiki/Special:FilePath/Whale_skeleton_2.jpg"
"（クジラ渓谷）",29.2708,30.0439,"http://commons.wikimedia.org/wiki/Special:FilePath/Whale_skeleton_2.jpg"
"ヴィースの巡礼教会",47.6833,10.9,"http://commons.wikimedia.org/wiki/Special:FilePath/Wieskirche1.JPG"
"杭州西湖の文化的景観",30.2458,120.142,"http://commons.wikimedia.org/wiki/Special:FilePath/西湖平湖秋月.JPG"
"アッシュール",35.4567,43.2625,"http://commons.wikimedia.org/wiki/Special:FilePath/Assur_Gertrude_Bell.jpg"
"アルタミラ洞窟とスペイン北部の旧石器洞窟美術",43.3825,-4.11611,"http://commons.wikimedia.org/wiki/Special:FilePath/Reproduction_cave_of_Altamira_01.jpg"
"ゴフ島とイナクセシブル島",-37.3025,-12.6744,"http://commons.wikimedia.org/wiki/Special:FilePath/Inaccessible_Island_ASTER.jpg"
"エスファハーンのイマーム広場",32.6578,51.6772,"http://commons.wikimedia.org/wiki/Special:FilePath/Naghshe_Jahan_Square_Isfahan_modified.jpg"
"シンクヴェトリル国立公園",64.2581,-21.125,"http://commons.wikimedia.org/wiki/Special:FilePath/Thingvellir.jpg"
"シケリグ・ヴィヒール",51.7667,-10.5333,"http://commons.wikimedia.org/wiki/Special:FilePath/Skellig_Michael.jpg"
"ドロットニングホルムの王領地",59.3217,17.8861,"http://commons.wikimedia.org/wiki/Special:FilePath/Drottningholm.jpg"
"ブラジルの大西洋上の島々 :フェルナンド・デ・ノローニャ諸島とロカス環礁の保護区群",-3.85381,-32.4238,"http://commons.wikimedia.org/wiki/Special:FilePath/Fernando_noronha.jpg"
"ヘンダーソン島",-24.3669,-128.316,"http://commons.wikimedia.org/wiki/Special:FilePath/Henderson.JPG"
"ポン・デュ・ガール",43.9472,4.53528,"http://commons.wikimedia.org/wiki/Special:FilePath/Pont_du_Gard_FRA_001.jpg"
"マテーラの洞窟住居と岩窟教会公園",40.6667,16.6083,"http://commons.wikimedia.org/wiki/Special:FilePath/Matera_boenisch_nov_2005.jpg"
"ロスキレ大聖堂",55.6427,12.0799,"http://commons.wikimedia.org/wiki/Special:FilePath/Roskilde_domkirke_west_fassade.jpg"
"アーグラ城塞",27.1795,78.0211,"http://commons.wikimedia.org/wiki/Special:FilePath/AgraFort.jpg"
"マドリードのエル・エスコリアルの修道院と王室用地",40.5889,-4.14778,"http://commons.wikimedia.org/wiki/Special:FilePath/Vista_aerea_del_Monasterio_de_El_Escorial.jpg"
"ジュッジ鳥類国立公園",16.5,-16.1667,"http://commons.wikimedia.org/wiki/Special:FilePath/100_0056.JPG"
"スース旧市街",35.8333,10.6333,"http://commons.wikimedia.org/wiki/Special:FilePath/Sousse_Ribat.JPG"
"ニョコロ＝コバ国立公園",13.0667,-12.7167,"http://commons.wikimedia.org/wiki/Special:FilePath/River_gambia_Niokolokoba_National_Park.gif"
"ファウンティンズ修道院遺跡群を含むスタッドリー王立公園",54.1161,-1.57306,"http://commons.wikimedia.org/wiki/Special:FilePath/Fountains_Abbey_view02_2005-08-27.jpg"
"武当山古建築",32.4008,111.004,"http://commons.wikimedia.org/wiki/Special:FilePath/Wudangshan_pic_12.jpg"
"古代都市テーベとその墓地遺跡",25.7206,32.6103,"http://commons.wikimedia.org/wiki/Special:FilePath/Luxor07(js).jpg"
"古都トレド",39.8571,-4.02389,"http://commons.wikimedia.org/wiki/Special:FilePath/KathedraleToledo.jpg"
"ハンピの建造物群",15.335,76.462,"http://commons.wikimedia.org/wiki/Special:FilePath/Hampi_virupaksha_temple.jpg"
"エッサウイラのメディナ",31.5131,-9.76972,"http://commons.wikimedia.org/wiki/Special:FilePath/Maroc_Essaouira_Luc_Viatour_1.JPG"
"（旧名モガドール）",31.5131,-9.76972,"http://commons.wikimedia.org/wiki/Special:FilePath/Maroc_Essaouira_Luc_Viatour_1.JPG"
"修道院",47.4231,9.37722,"http://commons.wikimedia.org/wiki/Special:FilePath/Convent_of_St_Gall.jpg"
"ザンクト・ガレン",47.4231,9.37722,"http://commons.wikimedia.org/wiki/Special:FilePath/Convent_of_St_Gall.jpg"
"スホクラントとその周辺",52.6342,5.77787,"http://commons.wikimedia.org/wiki/Special:FilePath/Schokland2.jpg"
"タオス・プエブロ",36.4392,-105.546,"http://commons.wikimedia.org/wiki/Special:FilePath/USA_09669_Taos_Pueblo_Luca_Galuzzi_2007.jpg"
"チャンチャン遺跡地帯",-8.11111,-79.0756,"http://commons.wikimedia.org/wiki/Special:FilePath/Chan_chan_wall1.jpg"
"プランタン＝モレトゥスの",51.2183,4.39806,"http://commons.wikimedia.org/wiki/Special:FilePath/Antwerpen-Plantin_Moretus_Museum.jpg"
"家屋・工房・博物館複合体",51.2183,4.39806,"http://commons.wikimedia.org/wiki/Special:FilePath/Antwerpen-Plantin_Moretus_Museum.jpg"
"リラ修道院",42.1334,23.34,"http://commons.wikimedia.org/wiki/Special:FilePath/Affreschi_di_Rila_1.jpg"
"五台山",39.0306,113.563,"http://commons.wikimedia.org/wiki/Special:FilePath/Wutai_Shan_temple_grounds.jpg"
"慶州歴史地域",35.7889,129.227,"http://commons.wikimedia.org/wiki/Special:FilePath/Korea-Gyeongju-Bunhwangsa-Three_story_stone_pagoda-01.jpg"
"殷墟",36.1267,114.314,"http://commons.wikimedia.org/wiki/Special:FilePath/Yinxu.jpg"
"エチミアジンの大聖堂と教会群ならびにズヴァルトノツの考古遺跡",40.1597,44.3366,"http://commons.wikimedia.org/wiki/Special:FilePath/Zvartnots_img_6965.jpg"
"ブリュッセルのグラン＝プラス",50.8467,4.35222,"http://commons.wikimedia.org/wiki/Special:FilePath/Grand_place_brussels.jpg"
"聖都ケルアン",35.6667,10.1,"http://commons.wikimedia.org/wiki/Special:FilePath/Kairouan-mosquee-cimetiere.jpg"
"パリのセーヌ河岸",48.8556,2.34472,"http://commons.wikimedia.org/wiki/Special:FilePath/Sainte_chapelle_-_Upper_level.jpg"
"ブールジュ大聖堂",47.0822,2.39917,"http://commons.wikimedia.org/wiki/Special:FilePath/Cathedrale_Saint-Etienne_(Bourges)_16-09-2006.jpg"
"スクルの文化的景観",10.7406,13.5719,"http://commons.wikimedia.org/wiki/Special:FilePath/Sukur1.jpg"
"http://ja.dbpedia.org/resource/ダラム城",54.7736,-1.57611,"http://commons.wikimedia.org/wiki/Special:FilePath/Sfec-durham-cathedral-2007-263.JPG"
"テッサロニキの初期キリスト教とビザンティン様式の建造物群",40.6388,22.9479,"http://commons.wikimedia.org/wiki/Special:FilePath/AgiosDimitriosinner.jpg"
"ナンシーのスタニスラス広場、カリエール広場、アリアンス広場",48.6939,6.18306,"http://commons.wikimedia.org/wiki/Special:FilePath/Nancy_Place_Stanislas_BW_2015-07-18_13-49-20_1.jpg"
"国立公園",17.484,-92.0463,"http://commons.wikimedia.org/wiki/Special:FilePath/Palenque_Collage.jpg"
"古代都市パレンケと",17.484,-92.0463,"http://commons.wikimedia.org/wiki/Special:FilePath/Palenque_Collage.jpg"
"ファテープル・シークリー",27.091,77.661,"http://commons.wikimedia.org/wiki/Special:FilePath/Audienzhalle.jpg"
"フォンテーヌブローの宮殿と庭園",48.4022,2.70056,"http://commons.wikimedia.org/wiki/Special:FilePath/FontainebleauSchloß1991.jpg"
"シトー会修道院",47.6408,4.38972,"http://commons.wikimedia.org/wiki/Special:FilePath/Abbaye_de_Fontenay-EgliseBatiments.jpg"
"フォントネーの",47.6408,4.38972,"http://commons.wikimedia.org/wiki/Special:FilePath/Abbaye_de_Fontenay-EgliseBatiments.jpg"
"ブッダガヤの大菩提寺",24.696,84.9914,"http://commons.wikimedia.org/wiki/Special:FilePath/Mahabodhitemple.jpg"
"マルボルクのドイツ騎士団の城",54.0397,19.0278,"http://commons.wikimedia.org/wiki/Special:FilePath/Panorama_of_Malbork_Castle,_part_4.jpg"
"ランス・オ・メドー国定史跡",51.596,-55.5334,"http://commons.wikimedia.org/wiki/Special:FilePath/Authentic_Viking_recreation.jpg"
"聖カタリナ修道院地域",28.5556,33.9761,"http://commons.wikimedia.org/wiki/Special:FilePath/Katharinenkloster_Sinai_BW_2.jpg"
"ニジェールのW国立公園",12.5253,2.66333,"http://commons.wikimedia.org/wiki/Special:FilePath/W_2.66341E_12.52522N.jpg"
"アシャンティの",6.40111,-1.62583,"http://commons.wikimedia.org/wiki/Special:FilePath/Ashant_architecture.jpg"
"伝統的建造物群",6.40111,-1.62583,"http://commons.wikimedia.org/wiki/Special:FilePath/Ashant_architecture.jpg"
"アスキアの墓",16.2897,-0.0444444,"http://commons.wikimedia.org/wiki/Special:FilePath/Askia.jpg"
"アブ・メナ",30.841,29.6631,"http://commons.wikimedia.org/wiki/Special:FilePath/Abu_Mena,_Egipto.JPG"
"セビリアの大聖堂、アルカサル、インディアス古文書館",37.3839,-5.99139,"http://commons.wikimedia.org/wiki/Special:FilePath/Sevila1.JPG"
"アルジェのカスバ",36.7833,3.06028,"http://commons.wikimedia.org/wiki/Special:FilePath/Algeri01.jpg"
"アルダブラ環礁",-9.41668,46.4166,"http://commons.wikimedia.org/wiki/Special:FilePath/Tortoise.aldabra.750pix.jpg"
"マサガン（アル・ジャディーダ）のポルトガル様式市街",33.2333,-8.5,"http://commons.wikimedia.org/wiki/Special:FilePath/Morocco_-_AlJadida_-_Medina.jpg"
"アワッシュ川下流域",11.1,40.5794,"http://commons.wikimedia.org/wiki/Special:FilePath/Lucy_Mexico.jpg"
"アープラヴァシ・ガート",-20.1586,57.5031,"http://commons.wikimedia.org/wiki/Special:FilePath/Aapravasi_Ghat_latrines.jpg"
"イグアス国立公園",-25.6167,-54.3333,"http://commons.wikimedia.org/wiki/Special:FilePath/Iguazu.jpg"
"イグアス国立公園",-25.6833,-54.4333,"http://commons.wikimedia.org/wiki/Special:FilePath/FozDoIguaçu.JPG"
"イスチグアラスト/",-30.0667,-68.0,"http://commons.wikimedia.org/wiki/Special:FilePath/Talampaya1.jpg"
"タランパジャ自然公園群",-30.0667,-68.0,"http://commons.wikimedia.org/wiki/Special:FilePath/Talampaya1.jpg"
"オカピ野生生物保護区",2.0,28.5,"http://commons.wikimedia.org/wiki/Special:FilePath/Epulu_Okapi_Reserve.jpg"
"オシュン＝オショグボの聖なる木立ち",7.75556,4.55222,"http://commons.wikimedia.org/wiki/Special:FilePath/Templo_Osun3.jpg"
"カスビの",0.329167,32.5533,"http://commons.wikimedia.org/wiki/Special:FilePath/Kampala_Kasubi_Tombs_(2063513983).jpg"
"ブガンダ歴代国王の墓",0.329167,32.5533,"http://commons.wikimedia.org/wiki/Special:FilePath/Kampala_Kasubi_Tombs_(2063513983).jpg"
"カフジ＝ビエガ国立公園",-2.5,28.75,"http://commons.wikimedia.org/wiki/Special:FilePath/KahuziBiegaSign.jpg"
"ガダミス旧市街",30.1333,9.5,"http://commons.wikimedia.org/wiki/Special:FilePath/Ghadames_Panorama_April_2004.jpg"
"ガランバ国立公園",4.0,29.25,"http://commons.wikimedia.org/wiki/Special:FilePath/Garamba_National_Park_overhead.jpg"
"キュレネの考古遺跡",32.825,21.8581,"http://commons.wikimedia.org/wiki/Special:FilePath/CireneGinnasio1999.jpg"
"キルワ・キシワニと",-8.95778,39.5228,"http://commons.wikimedia.org/wiki/Special:FilePath/GreatMosque.jpg"
"ソンゴ・ムナラの",-8.95778,39.5228,"http://commons.wikimedia.org/wiki/Special:FilePath/GreatMosque.jpg"
"遺跡群",-8.95778,39.5228,"http://commons.wikimedia.org/wiki/Special:FilePath/GreatMosque.jpg"
"クエバ・デ・ラス・マノス",-47.1553,-70.6553,"http://commons.wikimedia.org/wiki/Special:FilePath/SantaCruz-CuevaManos-P2210651b.jpg"
"ピントゥーラス川の",-47.1553,-70.6553,"http://commons.wikimedia.org/wiki/Special:FilePath/SantaCruz-CuevaManos-P2210651b.jpg"
"クタマク",10.1,1.06667,"http://commons.wikimedia.org/wiki/Special:FilePath/Togo_Taberma_house_02.jpg"
"バタマリバ人の土地",10.1,1.06667,"http://commons.wikimedia.org/wiki/Special:FilePath/Togo_Taberma_house_02.jpg"
"クンタ・キンテ島と",13.3175,-16.3615,"http://commons.wikimedia.org/wiki/Special:FilePath/Gambia_2010_-_St._James_island_0003.jpg"
"関連遺跡群",13.3175,-16.3615,"http://commons.wikimedia.org/wiki/Special:FilePath/Gambia_2010_-_St._James_island_0003.jpg"
"ゲベル・バルカルと",18.5333,31.8167,"http://commons.wikimedia.org/wiki/Special:FilePath/Jebel_barkal_rock.jpg"
"ナパタ地方の遺跡群",18.5333,31.8167,"http://commons.wikimedia.org/wiki/Special:FilePath/Jebel_barkal_rock.jpg"
"コパンのマヤ遺跡",14.84,-89.14,"http://commons.wikimedia.org/wiki/Special:FilePath/IMG_2314.JPG"
"コモエ国立公園",9.1,-3.7,"http://commons.wikimedia.org/wiki/Special:FilePath/NationalparkComoe3.jpg"
"パリのセーヌ河岸",48.8564,2.34556,"http://commons.wikimedia.org/wiki/Special:FilePath/Conciergerie_von_N.JPG"
"コンドアの岩絵遺跡群",-4.72444,35.8339,"http://commons.wikimedia.org/wiki/Special:FilePath/Kondoa.jpg"
"サブラタの考古遺跡",32.7922,12.4842,"http://commons.wikimedia.org/wiki/Special:FilePath/Sabratha_excavation_Panorama_April_2004.jpg"
"サロンガ国立公園",-2.0,21.0,"http://commons.wikimedia.org/wiki/Special:FilePath/La_rivière_Lulilaka,_parc_national_de_Salonga,_2005.jpg"
"ミュスタイアのベネディクト会ザンクト・ヨハン修道院",46.6299,10.4485,"http://commons.wikimedia.org/wiki/Special:FilePath/Kloster_Muestair.jpg"
"ジェミラ",36.3206,5.73556,"http://commons.wikimedia.org/wiki/Special:FilePath/GM_Djemila_Roman_Theatre02.jpg"
"リスボンのジェロニモス修道院とベレンの塔",38.6975,-9.20667,"http://commons.wikimedia.org/wiki/Special:FilePath/Jerónimos_April_2009-4.jpg"
"ジェンネ旧市街",13.9056,-4.555,"http://commons.wikimedia.org/wiki/Special:FilePath/Djenne-locmap2.png"
"ジャー動物保護区",3.0,13.0,"http://commons.wikimedia.org/wiki/Special:FilePath/Dja_River_and_pirogue.JPG"
"スオメンリンナの要塞",60.1436,24.9844,"http://commons.wikimedia.org/wiki/Special:FilePath/Suomenlinna.jpg"
"ストーンヘンジ、エーヴベリーと関連する遺跡群",51.1789,-1.82528,"http://commons.wikimedia.org/wiki/Special:FilePath/Stonehenge_back_wide.jpg"
"セネガンビアの",13.6911,-15.5225,"http://commons.wikimedia.org/wiki/Special:FilePath/1014097-Wassu_stone_circles-The_Gambia.jpg"
"環状列石",13.6911,-15.5225,"http://commons.wikimedia.org/wiki/Special:FilePath/1014097-Wassu_stone_circles-The_Gambia.jpg"
"セビリアの大聖堂、アルカサル、インディアス古文書館",37.3858,-5.99306,"http://commons.wikimedia.org/wiki/Special:FilePath/Sevila11.JPG"
"タイ国立公園",5.75,-7.11667,"http://ja.wikipedia.org/wiki/Special:FilePath/GazouBoshu.png"
"タッシリ・ナジェール",25.1667,8.16667,"http://commons.wikimedia.org/wiki/Special:FilePath/Algerien_5_0049.jpg"
"タドラルト・アカクスの",24.8333,10.3333,"http://commons.wikimedia.org/wiki/Special:FilePath/Tadrart_Acacus_1.jpg"
"岩絵遺跡群",24.8333,10.3333,"http://commons.wikimedia.org/wiki/Special:FilePath/Tadrart_Acacus_1.jpg"
"古代都市チチェン・イッツァ",20.6829,-88.5686,"http://commons.wikimedia.org/wiki/Special:FilePath/Chichen-Itza-Castillo-Seen-From-East.JPG"
"チャトラパティ・シヴァージー・ターミナス駅（旧ヴィクトリア・ターミナス駅）",18.9398,72.8355,"http://commons.wikimedia.org/wiki/Special:FilePath/Chhatrapati_Shivaji_Terminus_(Victoria_Terminus).jpg"
"チョンゴニの岩絵地域",-14.2933,34.2792,"http://ja.wikipedia.org/wiki/Special:FilePath/Chongoni_rock_art.jpg"
"ツォディロ",-18.7717,21.7542,"http://commons.wikimedia.org/wiki/Special:FilePath/Tsodilo_rock_paintings_1.jpg"
"ティパサ",36.595,2.44083,"http://commons.wikimedia.org/wiki/Special:FilePath/Le_Cardo_maximus_de_la_ville_romaine_(Tipaza).jpg"
"ティムガッド",35.4842,6.46867,"http://commons.wikimedia.org/wiki/Special:FilePath/Timgad_Trajan.jpg"
"ティヤ",8.43333,38.6167,"http://commons.wikimedia.org/wiki/Special:FilePath/Tiya_vue_d'ensemble.JPG"
"テトゥアン旧市街",35.5667,-5.36667,"http://commons.wikimedia.org/wiki/Special:FilePath/Tetuan_vista_desde_un_tejado.JPG"
"厳正自然保護区",7.603,-8.391,"http://commons.wikimedia.org/wiki/Special:FilePath/Voa_Guinea_chimpanzee_picking_30jan08.jpg"
"ニンバ山",7.603,-8.391,"http://commons.wikimedia.org/wiki/Special:FilePath/Voa_Guinea_chimpanzee_picking_30jan08.jpg"
"歴史的城塞都市",9.31111,42.1278,"http://commons.wikimedia.org/wiki/Special:FilePath/Town_of_Harar_with_Citywall.jpg"
"ハラール・ジュゴル",9.31111,42.1278,"http://commons.wikimedia.org/wiki/Special:FilePath/Town_of_Harar_with_Citywall.jpg"
"バンディアガラの断崖（ドゴン人の地）",14.3589,-3.595,"http://commons.wikimedia.org/wiki/Special:FilePath/Bandiagara_Escarpment_Mali.jpg"
"ゴンダール地域の",12.6081,37.4697,"http://commons.wikimedia.org/wiki/Special:FilePath/FasilidasPalaceGonder.jpg"
"ファジル・ゲビ",12.6081,37.4697,"http://commons.wikimedia.org/wiki/Special:FilePath/FasilidasPalaceGonder.jpg"
"ケープ植物区",-34.1667,18.375,"http://commons.wikimedia.org/wiki/Special:FilePath/Fynbos.jpg"
"保護地域群",-34.1667,18.375,"http://commons.wikimedia.org/wiki/Special:FilePath/Fynbos.jpg"
"ブウィンディ",-1.05,29.7167,"http://commons.wikimedia.org/wiki/Special:FilePath/Bwindi.JPG"
"原生国立公園",-1.05,29.7167,"http://commons.wikimedia.org/wiki/Special:FilePath/Bwindi.JPG"
"ブルー・ナ・ボーニャ -",53.6928,-6.44932,"http://commons.wikimedia.org/wiki/Special:FilePath/Newgrange_burial_chamber.jpg"
"ボイン渓谷の遺跡群",53.6928,-6.44932,"http://commons.wikimedia.org/wiki/Special:FilePath/Newgrange_burial_chamber.jpg"
"ベニ・ハンマードの",35.8211,4.78944,"http://commons.wikimedia.org/wiki/Special:FilePath/Kalaa_des_Beni_Hammad.5.jpg"
"城塞",35.8211,4.78944,"http://commons.wikimedia.org/wiki/Special:FilePath/Kalaa_des_Beni_Hammad.5.jpg"
"リスボンのジェロニモス修道院とベレンの塔",38.6917,-9.21583,"http://commons.wikimedia.org/wiki/Special:FilePath/Lisboa_Lisbon_Lissabon.jpg"
"マトボの丘",-20.55,28.5081,"http://commons.wikimedia.org/wiki/Special:FilePath/Balancing_Rocks_in_Matopos_National_Park.jpg"
"サピサファリ地域、",-15.75,29.3333,"http://commons.wikimedia.org/wiki/Special:FilePath/ZmbziRvr.jpg"
"チュウォールサファリ地域",-15.75,29.3333,"http://commons.wikimedia.org/wiki/Special:FilePath/ZmbziRvr.jpg"
"マナプールズ国立公園、",-15.75,29.3333,"http://commons.wikimedia.org/wiki/Special:FilePath/ZmbziRvr.jpg"
"マノヴォ＝グンダ・サン・フローリス国立公園",9.0,21.5,"http://ja.wikipedia.org/wiki/Special:FilePath/GazouBoshu.png"
"文化的景観",-22.1925,29.2389,"http://commons.wikimedia.org/wiki/Special:FilePath/Mapungubwe_hill_limpopo.jpg"
"マプングブエの",-22.1925,29.2389,"http://commons.wikimedia.org/wiki/Special:FilePath/Mapungubwe_hill_limpopo.jpg"
"マラウイ湖国立公園",-14.0333,34.8833,"http://commons.wikimedia.org/wiki/Special:FilePath/Lake_Malawi,_view_from_Likoma_Island.jpg"
"ムザブの谷",32.4872,3.68139,"http://commons.wikimedia.org/wiki/Special:FilePath/Ghardaia.jpg"
"メンフィスとその墓地遺跡 - ギーザからダハシュールまでのピラミッド地帯",29.9761,31.1304,"http://ja.wikipedia.org/wiki/Special:FilePath/All_Gizah_Pyramids.jpg"
"モザンビーク島",-15.0367,40.7328,"http://commons.wikimedia.org/wiki/Special:FilePath/Ilha_de_Moçambique.jpg"
"ラリベラの岩窟教会群",12.0316,39.0411,"http://commons.wikimedia.org/wiki/Special:FilePath/Bete_Giyorgis_Lalibela_Ethiopia.jpg"
"国立公園",0.366667,29.95,"http://commons.wikimedia.org/wiki/Special:FilePath/Rwenzori_mountains_FP.jpg"
"ルウェンゾリ山地",0.366667,29.95,"http://commons.wikimedia.org/wiki/Special:FilePath/Rwenzori_mountains_FP.jpg"
"考古遺跡",32.6392,14.2906,"http://commons.wikimedia.org/wiki/Special:FilePath/Leptis_Magna_Arch_of_Septimus_Severus.jpg"
"レプティス・マグナの",32.6392,14.2906,"http://commons.wikimedia.org/wiki/Special:FilePath/Leptis_Magna_Arch_of_Septimus_Severus.jpg"
"国立公園",-50.0,-73.2494,"http://commons.wikimedia.org/wiki/Special:FilePath/SantaCruz-LosGlaciares-P2150249b.jpg"
"ロス・グラシアレス",-50.0,-73.2494,"http://commons.wikimedia.org/wiki/Special:FilePath/SantaCruz-LosGlaciares-P2150249b.jpg"
"ヴァレ・ド・メ自然保護区",-4.32917,55.7375,"http://commons.wikimedia.org/wiki/Special:FilePath/Valleé_de_mai2.jpg"
"ヴィエリチカとボフニアの王立岩塩坑群",49.9792,20.0639,"http://commons.wikimedia.org/wiki/Special:FilePath/Wieliczka.jpg"
"ヴィルンガ国立公園",-0.916667,29.1667,"http://commons.wikimedia.org/wiki/Special:FilePath/Nyiragongo2004.jpg"
"ヴェルラ砕木・板紙工場",61.0625,26.6375,"http://commons.wikimedia.org/wiki/Special:FilePath/Serla_museum.jpg"
"考古遺跡",34.0711,-5.55361,"http://commons.wikimedia.org/wiki/Special:FilePath/Volubilis_moulay_idris.jpg"
"ヴォルビリスの",34.0711,-5.55361,"http://commons.wikimedia.org/wiki/Special:FilePath/Volubilis_moulay_idris.jpg"
"ジャイアントパンダ保護区",30.8333,103.0,"http://commons.wikimedia.org/wiki/Special:FilePath/Chengdu-pandas-d10.jpg"
"四川省の",30.8333,103.0,"http://commons.wikimedia.org/wiki/Special:FilePath/Chengdu-pandas-d10.jpg"
"アクスム",14.1167,38.7333,"http://commons.wikimedia.org/wiki/Special:FilePath/Axum_northern_stelea_park.jpg"
"イチャン・カラ",41.378,60.364,"http://commons.wikimedia.org/wiki/Special:FilePath/KhivaWalls.jpg"
"イヴァノヴォの",43.7167,25.9667,"http://commons.wikimedia.org/wiki/Special:FilePath/Churches_of_Ivanovo_S.jpg"
"岩窟教会群",43.7167,25.9667,"http://commons.wikimedia.org/wiki/Special:FilePath/Churches_of_Ivanovo_S.jpg"
"その城壁群",31.7767,35.2342,"http://commons.wikimedia.org/wiki/Special:FilePath/Jerusalem_Oesterreichisches_Hospiz_2.JPG"
"エルサレムの旧市街と",31.7767,35.2342,"http://commons.wikimedia.org/wiki/Special:FilePath/Jerusalem_Oesterreichisches_Hospiz_2.JPG"
"キリグア遺跡公園",15.2694,-89.0403,"http://commons.wikimedia.org/wiki/Special:FilePath/GT_Quirigua_StelaE.JPG"
"ギマランイスの歴史地区",41.45,-8.3,"http://commons.wikimedia.org/wiki/Special:FilePath/GMR.png"
"コルドバのイエズス会伝道所とエスタンシア群",-31.6561,-64.4353,"http://commons.wikimedia.org/wiki/Special:FilePath/AltaGracia.jpg"
"文化的景観",40.1056,49.3889,"http://commons.wikimedia.org/wiki/Special:FilePath/Qobustan.jpg"
"ゴブスタンの岩絵の",40.1056,49.3889,"http://commons.wikimedia.org/wiki/Special:FilePath/Qobustan.jpg"
"サンガイ国立公園",-1.83333,-78.3333,"http://commons.wikimedia.org/wiki/Special:FilePath/Sangay2.jpg"
"サーンチーの仏教建築物群",23.4807,77.7363,"http://commons.wikimedia.org/wiki/Special:FilePath/Sanchi2.jpg"
"古都ザビード",14.2,43.3167,"http://commons.wikimedia.org/wiki/Special:FilePath/Zabid,_Yemen.jpg"
"ラホールの城塞とシャーラマール庭園",31.5858,74.3819,"http://commons.wikimedia.org/wiki/Special:FilePath/Shalamar_Garden_July_14_2005-East_and_west_gardens_of_the_third_level.jpg"
"ジャイアンツ・コーズウェーとコーズウェー海岸",55.2408,-6.51167,"http://commons.wikimedia.org/wiki/Special:FilePath/Causeway-code_poet-4.jpg"
"http://ja.dbpedia.org/resource/イスタンブルの歴史地区",41.0055,28.9774,"http://commons.wikimedia.org/wiki/Special:FilePath/Sultan_Ahmed_Mosque,_Istambul.jpg"
"タッターの文化財",24.7461,67.9243,"http://commons.wikimedia.org/wiki/Special:FilePath/Tomb_1_Thatta.jpg"
"チャタル・ヒュユクの",37.6675,32.8283,"http://commons.wikimedia.org/wiki/Special:FilePath/Museum_of_Anatolian_Civilizations002.jpg"
"新石器時代遺跡",37.6675,32.8283,"http://commons.wikimedia.org/wiki/Special:FilePath/Museum_of_Anatolian_Civilizations002.jpg"
"国立公園",-14.2667,-60.8667,"http://commons.wikimedia.org/wiki/Special:FilePath/Cataratas_Arcoiris_Bolivia.png"
"ノエル・ケンプ・メルカード",-14.2667,-60.8667,"http://commons.wikimedia.org/wiki/Special:FilePath/Cataratas_Arcoiris_Bolivia.png"
"バターリャ修道院",39.6592,-8.82611,"http://commons.wikimedia.org/wiki/Special:FilePath/Mosteiro_da_Batalha_78a.jpg"
"バルデス半島",-42.5,-63.9333,"http://commons.wikimedia.org/wiki/Special:FilePath/Robben-001.jpg"
"パサルガダエ",30.2,53.1794,"http://commons.wikimedia.org/wiki/Special:FilePath/CyrustheGreatTomb_22057.jpg"
"ラホールの城塞とシャーラマール庭園",31.5903,74.3097,"http://commons.wikimedia.org/wiki/Special:FilePath/Alamgiri_Gate_at_Lahore_Fort.jpeg"
"月の港ボルドー",44.8386,-0.578333,"http://commons.wikimedia.org/wiki/Special:FilePath/Miroir_d'eau_place_de_la_Bourse.JPG"
"済州の火山島と",33.4689,126.72,"http://commons.wikimedia.org/wiki/Special:FilePath/Halasan.jpg"
"溶岩洞窟群",33.4689,126.72,"http://commons.wikimedia.org/wiki/Special:FilePath/Halasan.jpg"
"赤い城の建造物群",28.6558,77.2403,"http://commons.wikimedia.org/wiki/Special:FilePath/Red_Fort,_Delhi_by_alexfurr_(2).jpg"
"セビリアの大聖堂、アルカサル、インディアス古文書館",37.384,-5.992,"http://commons.wikimedia.org/wiki/Special:FilePath/Cathedral_and_Archivo_de_Indias_-_Seville.jpg"
"ハバナ旧市街とその要塞群",23.1359,-82.3583,"http://commons.wikimedia.org/wiki/Special:FilePath/Centro_Habana_(Cropped).jpg"
"カゼルタの18世紀の王宮と公園、ヴァンヴィテッリの水道橋とサン・レウチョの邸宅群",41.07,14.3258,"http://commons.wikimedia.org/wiki/Special:FilePath/Der_bourbonische_Königspalast_in_Caserta.jpg"
"キューバ南東部のコーヒー農園発祥地の景観",20.03,-75.3914,"http://commons.wikimedia.org/wiki/Special:FilePath/SierraMaestra-382707055.jpg"
"コンゴーニャスの聖域",-20.4997,-43.8578,"http://commons.wikimedia.org/wiki/Special:FilePath/Sanctuary_of_Bom_Jesus_do_Congonhas.jpg"
"ボン・ジェズス・ド・",-20.4997,-43.8578,"http://commons.wikimedia.org/wiki/Special:FilePath/Sanctuary_of_Bom_Jesus_do_Congonhas.jpg"
"トマールのキリスト教修道院",39.6039,-8.41917,"http://commons.wikimedia.org/wiki/Special:FilePath/Convento_Cristo_December_2008-8.jpg"
"ビニャーレス渓谷",22.6167,-83.7167,"http://commons.wikimedia.org/wiki/Special:FilePath/Vinales-cuba.JPG"
"僧院の島ライヒェナウ",47.6931,9.06306,"http://commons.wikimedia.org/wiki/Special:FilePath/St._Georg_Kirche_Reichenau_(Foto_Hilarmont).jpg"
"メキシコ国立自治大学  の大学都市の中央キャンパス",19.3289,-99.1872,"http://commons.wikimedia.org/wiki/Special:FilePath/UNAM_Ciudad_Universitaria.jpg"
"平泉―仏国土（浄土）を表す建築・庭園及び",38.9886,141.11,"http://commons.wikimedia.org/wiki/Special:FilePath/Mōtsū-ji.JPG"
"考古学的遺跡群―",38.9886,141.11,"http://commons.wikimedia.org/wiki/Special:FilePath/Mōtsū-ji.JPG"
"アレハンドロ・デ・",20.45,-75.0,"http://commons.wikimedia.org/wiki/Special:FilePath/Alejandro_de_Humboldt_National_Park.jpg"
"フンボルト国立公園",20.45,-75.0,"http://commons.wikimedia.org/wiki/Special:FilePath/Alejandro_de_Humboldt_National_Park.jpg"
"エディンバラの旧市街と",55.9476,-3.19163,"http://commons.wikimedia.org/wiki/Special:FilePath/Looking_down_Royal_Mile,_Edinburgh.jpg"
"新市街",55.9476,-3.19163,"http://commons.wikimedia.org/wiki/Special:FilePath/Looking_down_Royal_Mile,_Edinburgh.jpg"
"オリンダ歴史地区",-8.0,-34.8833,"http://commons.wikimedia.org/wiki/Special:FilePath/Olinda1-CCBYSA.jpg"
"グウィネズのエドワード1世の城郭と市壁",53.1397,-4.27694,"http://commons.wikimedia.org/wiki/Special:FilePath/Caernarfon_Castle_1994.jpg"
"コーンウォールと",50.1361,-5.38361,"http://commons.wikimedia.org/wiki/Special:FilePath/Poldice_Mine_Gwennap_Cornwall.jpg"
"西デヴォンの鉱山景観",50.1361,-5.38361,"http://commons.wikimedia.org/wiki/Special:FilePath/Poldice_Mine_Gwennap_Cornwall.jpg"
"古都シーギリヤ",7.95694,80.7597,"http://commons.wikimedia.org/wiki/Special:FilePath/Sigiriya.jpg"
"中央アマゾン保全地域群",-2.17028,-62.6172,"http://commons.wikimedia.org/wiki/Special:FilePath/River_in_the_Amazon_rainforest.jpg"
"スウェルの鉱山都市",-34.085,-70.3825,"http://commons.wikimedia.org/wiki/Special:FilePath/Sewell_flickr.jpg"
"タキシラ",33.7458,72.7875,"http://commons.wikimedia.org/wiki/Special:FilePath/Taxila1.jpg"
"タフテ・バヒーの仏教遺跡郡とサリ・バロールの近隣都市遺跡群",34.3208,71.9458,"http://commons.wikimedia.org/wiki/Special:FilePath/Museum_für_Indische_Kunst_Dahlem_Berlin_Mai_2006_017.jpg"
"http://ja.dbpedia.org/resource/ミケーネ",37.5994,22.7997,"http://commons.wikimedia.org/wiki/Special:FilePath/Tiryns_general_view.jpg"
"古代遺跡群",37.5994,22.7997,"http://commons.wikimedia.org/wiki/Special:FilePath/Tiryns_general_view.jpg"
"歴史地区",-18.249,-43.6,"http://commons.wikimedia.org/wiki/Special:FilePath/Diamantina_Ort.JPG"
"ディアマンティーナ",-18.249,-43.6,"http://commons.wikimedia.org/wiki/Special:FilePath/Diamantina_Ort.JPG"
"サンタ・ラウラの",-20.2083,-69.7944,"http://commons.wikimedia.org/wiki/Special:FilePath/Humberstone.jpg"
"ハンバーストーンと",-20.2083,-69.7944,"http://commons.wikimedia.org/wiki/Special:FilePath/Humberstone.jpg"
"硝石工場群",-20.2083,-69.7944,"http://commons.wikimedia.org/wiki/Special:FilePath/Humberstone.jpg"
"アフラジ",22.9989,57.5361,"http://commons.wikimedia.org/wiki/Special:FilePath/Bilad_Sayt_(21).JPG"
"オマーンの灌漑システム",22.9989,57.5361,"http://commons.wikimedia.org/wiki/Special:FilePath/Bilad_Sayt_(21).JPG"
"大山ブルカン・カルドゥンとその周辺の神聖な景観",48.7539,108.664,"http://commons.wikimedia.org/wiki/Special:FilePath/Burkhan_Khaldun_mount2.jpg"
"リオ・アビセオ国立公園",-7.75,-77.25,"http://commons.wikimedia.org/wiki/Special:FilePath/RAPIDOS_DE_SAN_GERONIMO-PARQUE_NACIONAL_DEL_RIO_ABISEO.jpg"
"ロペ＝オカンダの生態系と残存する文化的景観",-0.5,11.5,"http://commons.wikimedia.org/wiki/Special:FilePath/Lopé_National_Park_river_crop.jpg"
"南漢山城",37.4667,127.183,"http://commons.wikimedia.org/wiki/Special:FilePath/Namhanssanseong.JPG"
"開平楼閣と村落",22.3572,112.614,"http://commons.wikimedia.org/wiki/Special:FilePath/Kaiping_September_2007.jpg"
"イベリア半島の",39.79,-1.03333,"http://commons.wikimedia.org/wiki/Special:FilePath/Arte_esquematico-Peñapascuala.png"
"地中海沿岸の岩絵",39.79,-1.03333,"http://commons.wikimedia.org/wiki/Special:FilePath/Arte_esquematico-Peñapascuala.png"
"エル・ビスカイノの",27.7922,-114.228,"http://commons.wikimedia.org/wiki/Special:FilePath/Ballena_gris_adulta_con_su_ballenato.jpg"
"クジラ保護区",27.7922,-114.228,"http://commons.wikimedia.org/wiki/Special:FilePath/Ballena_gris_adulta_con_su_ballenato.jpg"
"生物圏保護区",19.6064,100.242,"http://commons.wikimedia.org/wiki/Special:FilePath/Monarchs_overwintering_Angangueo_site_in_Mexico.jpg"
"オオカバマダラ",19.6064,100.242,"http://commons.wikimedia.org/wiki/Special:FilePath/Monarchs_overwintering_Angangueo_site_in_Mexico.jpg"
"ギガルド修道院とアザト川上流域",40.1561,44.7989,"http://commons.wikimedia.org/wiki/Special:FilePath/Գեղարդ.jpg"
"サモス島のピタゴリオと",37.6719,26.8856,"http://commons.wikimedia.org/wiki/Special:FilePath/Heraion_i_samos.jpg"
"ヘーラー神殿",37.6719,26.8856,"http://commons.wikimedia.org/wiki/Special:FilePath/Heraion_i_samos.jpg"
"http://ja.dbpedia.org/resource/ファウンテンズ修道院",54.1161,-1.57306,"http://commons.wikimedia.org/wiki/Special:FilePath/Fountains_Abbey_view02_2005-08-27.jpg"
"トゥウェイフルフォンテーン（ツウィツァウス）",-20.5906,14.3722,"http://commons.wikimedia.org/wiki/Special:FilePath/Lion_Twyfelfontein_Namibia.JPG"
"ノヴォデヴィチ修道院の建造物群",55.7261,37.5561,"http://commons.wikimedia.org/wiki/Special:FilePath/Russie_-_Moscou_-_Novodevichy_4.jpg"
"考古遺跡群",23.2699,56.745,"http://commons.wikimedia.org/wiki/Special:FilePath/World_Heritage_Graves_Al_Ayn_Oman.JPG"
"アル＝アインの",23.2699,56.745,"http://commons.wikimedia.org/wiki/Special:FilePath/World_Heritage_Graves_Al_Ayn_Oman.JPG"
"バット、アル＝フトゥム、",23.2699,56.745,"http://commons.wikimedia.org/wiki/Special:FilePath/World_Heritage_Graves_Al_Ayn_Oman.JPG"
"パッタダカルの建造物群",15.9484,75.8159,"http://commons.wikimedia.org/wiki/Special:FilePath/Pattadakal1.JPG"
"サーマッラーの考古学都市",34.2072,43.88,"http://commons.wikimedia.org/wiki/Special:FilePath/Samara_spiralovity_minaret_rijen1973.jpg"
"文化的景観",-20.4606,57.3136,"http://commons.wikimedia.org/wiki/Special:FilePath/Le_Morne1.jpg"
"ル・モーンの",-20.4606,57.3136,"http://commons.wikimedia.org/wiki/Special:FilePath/Le_Morne1.jpg"
"ロータス・フォート",32.9625,73.5889,"http://commons.wikimedia.org/wiki/Special:FilePath/Rohtas_Fort_Magnificent_Kabuli_Gate.jpg"
"ヴェアデイロス平原国立公園とエマス国立公園",-14.0833,-47.6667,"http://commons.wikimedia.org/wiki/Special:FilePath/Veadeiros2_leofleck.jpg"
"セラード保護地域:",-14.0833,-47.6667,"http://commons.wikimedia.org/wiki/Special:FilePath/Veadeiros2_leofleck.jpg"
"中央スリナム自然保護区",4.0,-56.5,"http://commons.wikimedia.org/wiki/Special:FilePath/Amazon_jungle_from_above.jpg"
"乳香の土地",18.2533,53.6476,"http://commons.wikimedia.org/wiki/Special:FilePath/Oman_Dhofar_Frankincense.jpg"
"ペルシャ式庭園",29.6361,52.5253,"http://commons.wikimedia.org/wiki/Special:FilePath/Eram_garden.JPG"
"国立公園",19.8833,-77.6333,"http://commons.wikimedia.org/wiki/Special:FilePath/Costa_típica_del_Parque_Nacional_Desembarco_del_Granma.jpg"
"グランマ号上陸記念",19.8833,-77.6333,"http://commons.wikimedia.org/wiki/Special:FilePath/Costa_típica_del_Parque_Nacional_Desembarco_del_Granma.jpg"
"ケルナヴェの考古遺跡",54.8833,24.85,"http://commons.wikimedia.org/wiki/Special:FilePath/Lithuania_Kierniów_churches.jpg"
"（ケルナヴェ文化保護区）",54.8833,24.85,"http://commons.wikimedia.org/wiki/Special:FilePath/Lithuania_Kierniów_churches.jpg"
"コスタ・ド・デスコブリメントの大西洋岸森林保護区群",-16.5,-39.25,"http://commons.wikimedia.org/wiki/Special:FilePath/Panorama,_Parque_Nacional_e_Histórico_do_Monte_Pascoal.JPG"
"サンティアーゴ・デ・クーバのサン・ペドロ・デ・ラ・ロカ城",19.9687,-75.8703,"http://commons.wikimedia.org/wiki/Special:FilePath/Castillo_del_Morro_by_Glogg_4.jpg"
"シンハラジャ森林保護区",6.41667,80.5,"http://commons.wikimedia.org/wiki/Special:FilePath/Sinharaja29.jpg"
"デルベントのシタデル、古代都市、要塞建築物群",42.0667,48.2833,"http://commons.wikimedia.org/wiki/Special:FilePath/Главный_вход_в_цитадель_Нарын-Кала.jpg"
"パンタナル自然保護地域",-18.0,-56.5,"http://commons.wikimedia.org/wiki/Special:FilePath/Pantanal,_south-central_South_America_5170.jpg"
"マヌー国立公園",-11.8564,-71.7214,"http://commons.wikimedia.org/wiki/Special:FilePath/Manu_riverbank.jpg"
"ブラジルの大西洋上の島々 : フェルナンド・デ・ノローニャ諸島とロカス環礁の保護区群",-3.86667,-33.8167,"http://commons.wikimedia.org/wiki/Special:FilePath/Rocas.jpg"
"http://ja.dbpedia.org/resource/トリニダ_(キューバ)",21.8414,-79.8664,"http://commons.wikimedia.org/wiki/Special:FilePath/Valle_de_los_ingenios2.jpg"
"ロス・インヘニオス渓谷",21.8414,-79.8664,"http://commons.wikimedia.org/wiki/Special:FilePath/Valle_de_los_ingenios2.jpg"
"ワスカラン国立公園",-9.33333,-77.4,"http://commons.wikimedia.org/wiki/Special:FilePath/Taulliraju.JPG"
"大チョーラ朝寺院群",10.7831,79.1325,"http://commons.wikimedia.org/wiki/Special:FilePath/GangaiKonda_Cholapuram(Front_View).JPG"
"保護区群",-24.1667,-48.0,"http://commons.wikimedia.org/wiki/Special:FilePath/Bromelias50.JPG"
"大西洋岸森林南東部の",-24.1667,-48.0,"http://commons.wikimedia.org/wiki/Special:FilePath/Bromelias50.JPG"
"アグリジェントの",37.2906,13.5855,"http://commons.wikimedia.org/wiki/Special:FilePath/Agrigent_BW_2012-10-07_13-09-13.jpg"
"考古的地域",37.2906,13.5855,"http://commons.wikimedia.org/wiki/Special:FilePath/Agrigent_BW_2012-10-07_13-09-13.jpg"
"アツィナナナの雨林",-14.4597,49.7025,"http://commons.wikimedia.org/wiki/Special:FilePath/Masoala_Wasserfall.jpg"
"エレファンタ石窟群",18.9583,72.9306,"http://commons.wikimedia.org/wiki/Special:FilePath/Ardhanari@_Elephanta_Caves.jpg"
"コナーラクのスーリヤ寺院",19.8874,86.0946,"http://commons.wikimedia.org/wiki/Special:FilePath/Konark_Sun_Temple_Front_view.jpg"
"ベヒストゥン",34.3906,47.4358,"http://commons.wikimedia.org/wiki/Special:FilePath/Bisotun_Iran_Relief_Achamenid_Period.JPG"
16,17.4833,-92.0497,"http://commons.wikimedia.org/wiki/Special:FilePath/2006_03_19_Tepoztlan_21.JPG"
"ポポカテペトル山腹の",17.4833,-92.0497,"http://commons.wikimedia.org/wiki/Special:FilePath/2006_03_19_Tepoztlan_21.JPG"
"安徽南部の古村落—西逓と宏村",30.0036,117.982,"http://commons.wikimedia.org/wiki/Special:FilePath/Nanhu_Lake.jpg"
"福建土楼",25.0231,117.686,"http://commons.wikimedia.org/wiki/Special:FilePath/Zhenchenglou.JPG"
"ハフパット修道院とサナイン修道院",41.0872,44.6661,"http://commons.wikimedia.org/wiki/Special:FilePath/Sanahin_Monastery.jpg"
"http://ja.dbpedia.org/resource/カゼルタ宮殿",41.1,14.3333,"http://commons.wikimedia.org/wiki/Special:FilePath/San_leucio.jpg"
"http://ja.dbpedia.org/resource/ヴァンヴィテッリの水道橋",41.1,14.3333,"http://commons.wikimedia.org/wiki/Special:FilePath/San_leucio.jpg"
"スー・ヌラージ・ディ・バルーミニ",39.7058,8.99056,"http://commons.wikimedia.org/wiki/Special:FilePath/Nuraghe_Su_Nuraxi.jpg"
"ダンブッラの黄金寺院",7.85,80.65,"http://commons.wikimedia.org/wiki/Special:FilePath/Dambulla-buddhastupa.jpg"
"ハイファと西ガリラヤの",32.8144,34.9869,"http://commons.wikimedia.org/wiki/Special:FilePath/TerracesBenGurion2.jpg"
"バハーイー教聖地群",32.8144,34.9869,"http://commons.wikimedia.org/wiki/Special:FilePath/TerracesBenGurion2.jpg"
"ハフパット修道院とサナイン修道院",41.0939,44.7119,"http://commons.wikimedia.org/wiki/Special:FilePath/Haghpat-Nshan.jpg"
"http://ja.dbpedia.org/resource/カゼルタ宮殿",41.0592,14.4017,"http://commons.wikimedia.org/wiki/Special:FilePath/Vanvitelli_aqueduct.jpg"
"http://ja.dbpedia.org/resource/サン・レウチョの邸宅群",41.0592,14.4017,"http://commons.wikimedia.org/wiki/Special:FilePath/Vanvitelli_aqueduct.jpg"
"ヴィッラ・ロマーナ・デル・カサーレ",37.3647,14.3347,"http://commons.wikimedia.org/wiki/Special:FilePath/Villa_Romana_del_Casale_Schlafzimmer_Mitte_modified.jpg"
"朝鮮王陵",37.1972,128.453,"http://commons.wikimedia.org/wiki/Special:FilePath/Sejong_tomb_1.jpg"
"大韓民国の歴史的村落：河回と良洞",36.5381,128.521,"http://commons.wikimedia.org/wiki/Special:FilePath/House_in_Hahoe_Village,_South_Korea.jpg"
"イランのアルメニア人修道院建造物群",38.9794,45.4733,"http://commons.wikimedia.org/wiki/Special:FilePath/St-Stepanous-02.jpg"
"イランのアルメニア人修道院建造物群",39.0922,44.5444,"http://commons.wikimedia.org/wiki/Special:FilePath/Northwestthaddes.jpg"
"建築家ヴィクトル・オルタの主な都市邸宅群",50.8242,4.35543,"http://ja.wikipedia.org/wiki/Special:FilePath/LocMap_of_WH_Horta.png"
"シューシュタルの歴史的水利施設",32.05,48.85,"http://commons.wikimedia.org/wiki/Special:FilePath/Flag_of_Iran.svg"
"建築家ヴィクトル・オルタの主な都市邸宅群",50.8278,4.36196,"http://ja.wikipedia.org/wiki/Special:FilePath/LocMap_of_WH_Horta.png"
"ヘラクレスの塔",43.3858,-8.40639,"http://commons.wikimedia.org/wiki/Special:FilePath/A_coruna_torre_de_hercules_sunset_edit.jpg"
"ロロペニの遺跡群",10.3,-3.53333,"http://commons.wikimedia.org/wiki/Special:FilePath/Loropéni-location-map.png"
"アウシュヴィッツ・ビルケナウ",50.0358,19.1783,"http://commons.wikimedia.org/wiki/Special:FilePath/Auschwitz-birkenau-main_track.jpg"
"ナチス・ドイツの強制絶滅収容所",50.0358,19.1783,"http://commons.wikimedia.org/wiki/Special:FilePath/Auschwitz-birkenau-main_track.jpg"
"メキシコシティ歴史地区とソチミルコ",19.263,-99.103,"http://commons.wikimedia.org/wiki/Special:FilePath/Trajinera.JPG"
"チャビンの考古遺跡",-9.59278,-77.1785,"http://commons.wikimedia.org/wiki/Special:FilePath/Chavin_de_Huantar_El_Castillo_06122009.jpg"
"地上絵",-14.7167,-75.1333,"http://commons.wikimedia.org/wiki/Special:FilePath/Nazca_monkey.jpg"
"ナスカとフマナ平原の",-14.7167,-75.1333,"http://commons.wikimedia.org/wiki/Special:FilePath/Nazca_monkey.jpg"
"レオナルド・ダ・ヴィンチの『最後の晩餐』があるサンタ・マリア・デッレ・グラツィエ教会とドメニコ会修道院",45.4658,9.17111,"http://commons.wikimedia.org/wiki/Special:FilePath/Leonardo_da_Vinci_(1452-1519)_-_The_Last_Supper_(1495-1498).jpg"
"アテナイのアクロポリス",37.9714,23.7262,"http://commons.wikimedia.org/wiki/Special:FilePath/Attica_06-13_Athens_50_View_from_Philopappos_-_Acropolis_Hill.jpg"
"シンガポール植物園",1.31389,103.816,"http://commons.wikimedia.org/wiki/Special:FilePath/Symphony_Lake,_Singapore_Botanic_Gardens_-_20041025.jpg"
"スリランカの中央高地",7.45,80.8,"http://commons.wikimedia.org/wiki/Special:FilePath/Sri_Pada_02.jpg"
"タブリーズの歴史的バザール施設",38.0808,46.2923,"http://commons.wikimedia.org/wiki/Special:FilePath/Carpet_Bazaar_of_Tabriz.JPG"
"メロエ島の考古遺跡群",16.94,33.75,"http://commons.wikimedia.org/wiki/Special:FilePath/Sudan_Meroe_Pyramids_2001.JPG"
"オーストラリアの囚人遺跡群",-42.8936,147.851,"http://commons.wikimedia.org/wiki/Special:FilePath/Cascades_Female_Factory.jpg"
"カラル＝スーペ",-10.8936,-77.5203,"http://commons.wikimedia.org/wiki/Special:FilePath/Caral_1.JPG"
"神聖都市",-10.8936,-77.5203,"http://commons.wikimedia.org/wiki/Special:FilePath/Caral_1.JPG"
"http://ja.dbpedia.org/resource/モデナ大聖堂",44.6464,10.9261,"http://commons.wikimedia.org/wiki/Special:FilePath/Ghirlandina_02.JPG"
"http://ja.dbpedia.org/resource/ピアッツァ・グランデ_(モデナ)",44.6464,10.9261,"http://commons.wikimedia.org/wiki/Special:FilePath/Ghirlandina_02.JPG"
"オーストラリアの囚人遺跡群",-33.8469,151.171,"http://commons.wikimedia.org/wiki/Special:FilePath/CockatooIslandPanorama.jpg"
"聖なる山スライマン＝トー",40.5306,72.7839,"http://commons.wikimedia.org/wiki/Special:FilePath/Kyrgyzstan_Osh_with_Suleiman_Hill.jpg"
"オーストラリアの囚人遺跡群",-42.5825,148.07,"http://commons.wikimedia.org/wiki/Special:FilePath/Commissariat_Store_1825.jpg"
"ニンガルー・コースト",-22.6667,113.65,"http://commons.wikimedia.org/wiki/Special:FilePath/Manta-ray_australia.jpg"
"オーストラリアの囚人遺跡群",-33.8694,151.212,"http://commons.wikimedia.org/wiki/Special:FilePath/HydeParkBarracks.JPG"
"カサス・グランデスの",30.3663,-107.947,"http://commons.wikimedia.org/wiki/Special:FilePath/Paquime0002.jpg"
"パキメ遺跡地帯",30.3663,-107.947,"http://commons.wikimedia.org/wiki/Special:FilePath/Paquime0002.jpg"
"オーストラリアの囚人遺跡群",-33.8097,150.995,"http://commons.wikimedia.org/wiki/Special:FilePath/Parramatta-NSW-GovernmentHouse.jpg"
"ペルシャ式庭園",30.1667,53.1667,"http://commons.wikimedia.org/wiki/Special:FilePath/Fin_Garden,_Kashan.jpg"
"オーストラリアの囚人遺跡群",-32.055,115.754,"http://commons.wikimedia.org/wiki/Special:FilePath/Fremantle_prison_main_cellblock.JPG"
"ヴァッハウ渓谷の文化的景観",48.2281,15.3339,"http://commons.wikimedia.org/wiki/Special:FilePath/Stift_melk_001.jpg"
"ゴンバデ・カーブース",37.2581,55.1689,"http://commons.wikimedia.org/wiki/Special:FilePath/Gonbad-e_Qabus.JPG"
"アルマデンとイドリヤ",38.7753,-4.83889,"http://commons.wikimedia.org/wiki/Special:FilePath/Minas_de_Almadén,_Ciudad_Real,_castillete_(RPS_21-07-2012).png"
"水銀の遺産",38.7753,-4.83889,"http://commons.wikimedia.org/wiki/Special:FilePath/Minas_de_Almadén,_Ciudad_Real,_castillete_(RPS_21-07-2012).png"
"紅河哈尼棚田群の文化的景観",23.0722,102.736,"http://commons.wikimedia.org/wiki/Special:FilePath/Yuanyang_sunset_rice_terraced_mountain.jpg"
"ウニアンガ湖群",19.05,20.4833,"http://commons.wikimedia.org/wiki/Special:FilePath/Lac_Yoa2.jpg"
"オーストラリアの囚人遺跡群",-33.3783,150.994,"http://commons.wikimedia.org/wiki/Special:FilePath/Thomas_james_bridge.jpg"
"コンソの文化的景観",5.25,37.4833,"http://commons.wikimedia.org/wiki/Special:FilePath/Konzo2.jpg"
"サルーム・デルタ",13.8353,-16.4986,"http://commons.wikimedia.org/wiki/Special:FilePath/Saloum.gif"
"ツライフ地区",24.7333,46.5756,"http://commons.wikimedia.org/wiki/Special:FilePath/Diriyahpic.jpg"
"ディルイーヤの",24.7333,46.5756,"http://commons.wikimedia.org/wiki/Special:FilePath/Diriyahpic.jpg"
"文化的景観",12.5933,-12.8458,"http://commons.wikimedia.org/wiki/Special:FilePath/DindefeloVillage.jpg"
"バサリ、フラ、ベディクの",12.5933,-12.8458,"http://commons.wikimedia.org/wiki/Special:FilePath/DindefeloVillage.jpg"
"バサリ地方 :",12.5933,-12.8458,"http://commons.wikimedia.org/wiki/Special:FilePath/DindefeloVillage.jpg"
"アルフェルトの",51.984,9.813,"http://commons.wikimedia.org/wiki/Special:FilePath/Fagus_Gropius_Hauptgebaeude_200705_wiki_front.jpg"
"ファグス工場",51.984,9.813,"http://commons.wikimedia.org/wiki/Special:FilePath/Fagus_Gropius_Hauptgebaeude_200705_wiki_front.jpg"
"ブコビナ・ダルマチア",48.2969,25.9244,"http://commons.wikimedia.org/wiki/Special:FilePath/Корпус_митрополита2.jpg"
"府主教の邸宅",48.2969,25.9244,"http://commons.wikimedia.org/wiki/Special:FilePath/Корпус_митрополита2.jpg"
"考古遺跡",13.8275,-89.3692,"http://commons.wikimedia.org/wiki/Special:FilePath/ES_Joya_Ceren_05_2012_Estructura_9_Area_2_Tamazcal_wide_angle_1479.JPG"
"ホヤ・デ・セレンの",13.8275,-89.3692,"http://commons.wikimedia.org/wiki/Special:FilePath/ES_Joya_Ceren_05_2012_Estructura_9_Area_2_Tamazcal_wide_angle_1479.JPG"
"マチュ・ピチュの",-13.1167,-72.5833,"http://commons.wikimedia.org/wiki/Special:FilePath/Machu_Picchu_mosaic_picture_-_december_2006.JPG"
"歴史保護区",-13.1167,-72.5833,"http://commons.wikimedia.org/wiki/Special:FilePath/Machu_Picchu_mosaic_picture_-_december_2006.JPG"
"留園",31.3175,120.588,"http://commons.wikimedia.org/wiki/Special:FilePath/Liuyuan.jpg"
"プトラナ台地",69.0,93.0,"http://commons.wikimedia.org/wiki/Special:FilePath/Putorana._Lama_lake..jpg"
"コルヴァイのカロリング朝ヴェストヴェルクとキヴィタス",51.7778,9.41,"http://commons.wikimedia.org/wiki/Special:FilePath/Corvey_Schloss_und_Abteikirche.jpg"
"ステウンス・クリント",55.2672,12.4233,"http://commons.wikimedia.org/wiki/Special:FilePath/Stevns_Klint_4525692589_da98ffd5a6_o.jpg"
"コロンビアのコーヒー産地の文化的景観",5.47167,-75.6817,"http://commons.wikimedia.org/wiki/Special:FilePath/Paisaje-Cafetero-Colombiano.png"
"ゴアの教会群と修道院群",15.503,73.912,"http://commons.wikimedia.org/wiki/Special:FilePath/Se_cathedral_goa.jpg"
"http://ja.dbpedia.org/resource/聖オーガスティン修道院",51.2797,1.08306,"http://commons.wikimedia.org/wiki/Special:FilePath/Canterbury_Cathedral_-_Portal_Nave_Cross-spire.jpeg"
"http://ja.dbpedia.org/resource/聖マーティン教会",51.2797,1.08306,"http://commons.wikimedia.org/wiki/Special:FilePath/Canterbury_Cathedral_-_Portal_Nave_Cross-spire.jpeg"
"カンタベリー大聖堂、",51.2797,1.08306,"http://commons.wikimedia.org/wiki/Special:FilePath/Canterbury_Cathedral_-_Portal_Nave_Cross-spire.jpeg"
"デルフィの考古遺跡",38.4833,22.5,"http://commons.wikimedia.org/wiki/Special:FilePath/Delphi_Composite.jpg"
"パリのセーヌ河岸",48.853,2.3498,"http://commons.wikimedia.org/wiki/Special:FilePath/NotreDameDeParis.jpg"
"アテネのアクロポリス",37.9715,23.7266,"http://commons.wikimedia.org/wiki/Special:FilePath/The_Parthenon_in_Athens.jpg"
"ビキニ環礁核実験場",11.5833,165.383,"http://commons.wikimedia.org/wiki/Special:FilePath/Bikini_Atoll.png"
"ロベン島",-33.8067,18.3662,"http://commons.wikimedia.org/wiki/Special:FilePath/Robben_island_from_table_mountain.jpg"
"屋久島",30.3333,130.5,"http://commons.wikimedia.org/wiki/Special:FilePath/Cercle_rouge_100%25.svg"
"頤和園",39.9975,116.269,"http://commons.wikimedia.org/wiki/Special:FilePath/Scenery_of_Longevity_Hill.JPG"
"アマルフィ海岸",40.6333,14.6,"http://commons.wikimedia.org/wiki/Special:FilePath/Sentier_des_dieux-Positano-gb.JPG"
"http://ja.dbpedia.org/resource/ウェストミンスター宮殿",51.4994,-0.1275,"http://commons.wikimedia.org/wiki/Special:FilePath/Westminster_Abbey_-_West_Door.jpg"
"http://ja.dbpedia.org/resource/聖マーガレット教会_(ウェストミンスター)",51.4994,-0.1275,"http://commons.wikimedia.org/wiki/Special:FilePath/Westminster_Abbey_-_West_Door.jpg"
"カナイマ国立公園",6.16667,-62.5,"http://commons.wikimedia.org/wiki/Special:FilePath/Angel_falls.jpg"
"カルタゴ遺跡",36.8528,10.3233,"http://commons.wikimedia.org/wiki/Special:FilePath/Ruines_de_Carthage.jpg"
"キリマンジャロ国立公園",-3.06667,37.3667,"http://commons.wikimedia.org/wiki/Special:FilePath/Kibo_summit_of_Mt_Kilimanjaro_001.JPG"
"http://ja.dbpedia.org/resource/イスタンブルの歴史地区",41.016,28.9641,"http://commons.wikimedia.org/wiki/Special:FilePath/PIC_2004-08-20_11-24_9538.jpg"
"ミケーネとティリンスの古代遺跡群",37.7308,22.7561,"http://commons.wikimedia.org/wiki/Special:FilePath/Mycenae_lion_gate_dsc06382.jpg"
"メテオラ",39.7142,21.6311,"http://commons.wikimedia.org/wiki/Special:FilePath/Meteora_Agios_Triadas_IMG_7632.jpg"
"ヴェルサイユの宮殿と庭園",48.8044,2.12316,"http://commons.wikimedia.org/wiki/Special:FilePath/Versailles_Palace.jpg"
"イエス生誕の地 :ベツレヘムの聖誕教会と巡礼路",31.7043,35.2076,"http://commons.wikimedia.org/wiki/Special:FilePath/NativityChurch3.jpg"
"http://ja.dbpedia.org/resource/イスタンブルの歴史地区",41.0086,28.98,"http://commons.wikimedia.org/wiki/Special:FilePath/Hagia_Sophia_Mars_2013.jpg"
"アルコバッサ修道院",39.5483,-8.98,"http://commons.wikimedia.org/wiki/Special:FilePath/Mosteiro_de_Alcobaça_(Portugal)_2.jpg"
"ウォータートン・グレイシャー国際平和自然公園",49.0,-113.917,"http://commons.wikimedia.org/wiki/Special:FilePath/GlacierNP_L7_20010701.jpg"
"古代都市ウシュマル",20.3594,-89.7714,"http://commons.wikimedia.org/wiki/Special:FilePath/Uxmal_Adivino_W.jpg"
"カカドゥ国立公園",-13.0364,132.44,"http://commons.wikimedia.org/wiki/Special:FilePath/Australia_location_map.svg"
"カトマンズ盆地",27.704,85.309,"http://commons.wikimedia.org/wiki/Special:FilePath/Durbar_Square_2010.jpg"
"国史跡カミ遺跡群",-20.1583,28.3767,"http://commons.wikimedia.org/wiki/Special:FilePath/Khamiruins3.jpg"
"カンペチェ州カラクムルの古代マヤ都市と熱帯雨林保護区",18.1054,-89.8108,"http://commons.wikimedia.org/wiki/Special:FilePath/Calakmul.templo.jpg"
"ガラパゴス諸島",-0.666667,-90.55,"http://commons.wikimedia.org/wiki/Special:FilePath/Galapagos-satellite-esislandnames.jpg"
"グレート・バリア・リーフ（大堡礁）",-18.2861,147.7,"http://commons.wikimedia.org/wiki/Special:FilePath/Map_of_Great_Barrier_Reef_Demis.png"
"サガルマータ国立公園",27.9333,86.7333,"http://commons.wikimedia.org/wiki/Special:FilePath/Everest_North_Face_toward_Base_Camp_Tibet_Luca_Galuzzi_2006.jpg"
"スコータイの歴史上の町と関連の歴史上の町",17.0211,99.7036,"http://commons.wikimedia.org/wiki/Special:FilePath/Wat_Si_Chum_02.jpg"
"セレンゲティ国立公園",-2.33278,34.5667,"http://ja.wikipedia.org/wiki/Special:FilePath/Wildbeest_001.jpg"
"タージ・マハル",27.1742,78.0422,"http://commons.wikimedia.org/wiki/Special:FilePath/Taj_Mahal,_Agra,_India_edit3.jpg"
"チトワン国立公園",27.5,84.3333,"http://commons.wikimedia.org/wiki/Special:FilePath/Chitwan_2.jpg"
"ティカル国立公園",17.2221,-89.6236,"http://commons.wikimedia.org/wiki/Special:FilePath/Tikal_Giaguaro.jpg"
"古代都市テオティワカン",19.6925,-98.8438,"http://commons.wikimedia.org/wiki/Special:FilePath/View_from_Pyramide_de_la_luna.jpg"
"アブ・シンベルからフィラエまでのヌビア遺跡群",22.3364,31.6261,"http://commons.wikimedia.org/wiki/Special:FilePath/Panorama_Abu_Simbel_crop.jpg"
"バイカル湖",53.5,108.2,"http://commons.wikimedia.org/wiki/Special:FilePath/Lago_Baikal_en_Invierno.jpg"
"プエルト・プリンセサ",10.1667,118.917,"http://commons.wikimedia.org/wiki/Special:FilePath/Puerto_Princesa_Underground_River.jpg"
"地下川国立公園",10.1667,118.917,"http://commons.wikimedia.org/wiki/Special:FilePath/Puerto_Princesa_Underground_River.jpg"
"メサ・ヴェルデ国立公園",37.1839,-108.489,"http://commons.wikimedia.org/wiki/Special:FilePath/MesaVerdeNationalParkCliffPalace.jpg"
"モヘンジョダロの考古遺跡",27.3292,68.1389,"http://commons.wikimedia.org/wiki/Special:FilePath/Mohenjodaro_Sindh.jpeg"
"ラパ・ヌイ国立公園",-27.15,-109.45,"http://commons.wikimedia.org/wiki/Special:FilePath/Moai_Rano_raraku.jpg"
"仏陀の生誕地ルンビニ",27.4672,83.2749,"http://commons.wikimedia.org/wiki/Special:FilePath/Nepal_DSCN2126a.jpg"
"パリのセーヌ河岸",48.8611,2.33639,"http://commons.wikimedia.org/wiki/Special:FilePath/Palais_du_Louvre_-_Paris.jpg"
"平遥古城",37.2014,112.154,"http://commons.wikimedia.org/wiki/Special:FilePath/PingYaoCity.jpg"
"廬山",29.5725,115.973,"http://commons.wikimedia.org/wiki/Special:FilePath/Mount_Lushan_-_fog.JPG"
"東レンネル",-11.75,160.467,"http://commons.wikimedia.org/wiki/Special:FilePath/Dugout_canoe_Rennell.jpg"
"法隆寺地域の仏教建造物",34.6143,135.734,"http://ja.wikipedia.org/wiki/Special:FilePath/Horyu-ji10s3200.jpg"
"泰山",36.25,117.1,"http://commons.wikimedia.org/wiki/Special:FilePath/泰山_南天门.jpg"
"海印寺大蔵経板殿※",35.8,128.1,"http://commons.wikimedia.org/wiki/Special:FilePath/Korea-Haeinsa-Tripitaka_Koreana-01.jpg"
"独立記念館",39.9489,-75.15,"http://commons.wikimedia.org/wiki/Special:FilePath/Independence_Hall.jpg"
"白川郷・五箇山の合掌造り集落",36.2569,136.906,"http://ja.wikipedia.org/wiki/Special:FilePath/Ogi_Shirakawa02bs3200.jpg"
"莫高窟",40.0372,94.8042,"http://commons.wikimedia.org/wiki/Special:FilePath/Dunhuang_Mogao_Ku_2013.12.31_12-30-18.jpg"
"華城",37.2775,127.017,"http://commons.wikimedia.org/wiki/Special:FilePath/Hwaseong2.jpg"
"都城と古墳",41.1569,126.187,"http://commons.wikimedia.org/wiki/Special:FilePath/Kevsunblush2.JPG"
"高句麗前期の",41.1569,126.187,"http://commons.wikimedia.org/wiki/Special:FilePath/Kevsunblush2.JPG"
"高句麗古墳群",38.8894,125.93,"http://commons.wikimedia.org/wiki/Special:FilePath/Goguryeo_tomb_mural.jpg"
"高敞、和順、江華の支石墓群",34.9667,126.929,"http://commons.wikimedia.org/wiki/Special:FilePath/Korea-Ganghwado-Dolmen-02.jpg"
"アトス山",40.1572,24.3264,"http://commons.wikimedia.org/wiki/Special:FilePath/Athos_13.jpg"
"アムラ城",31.8133,36.6022,"http://commons.wikimedia.org/wiki/Special:FilePath/Qasr_Amra.jpg"
"イシマンガリソ湿地公園",-28.0,32.5,"http://commons.wikimedia.org/wiki/Special:FilePath/GreaterStLucia.jpg"
"国立公園",-6.74667,105.334,"http://commons.wikimedia.org/wiki/Special:FilePath/Ujungkulon.jpg"
"ウジュン・クロン",-6.74667,105.334,"http://commons.wikimedia.org/wiki/Special:FilePath/Ujungkulon.jpg"
"ウム・アル＝ラサス",31.5006,35.9208,"http://commons.wikimedia.org/wiki/Special:FilePath/Umm_Rasas_House_ruins.JPG"
"カリフォルニア湾の島々と自然保護区",28.0,-112.0,"http://commons.wikimedia.org/wiki/Special:FilePath/Giant_pacific_manta.jpg"
"コモド国立公園",-8.54333,119.489,"http://commons.wikimedia.org/wiki/Special:FilePath/Komodo-dragon-1.jpg"
"サンギラン初期人類遺跡",-7.45,110.85,"http://commons.wikimedia.org/wiki/Special:FilePath/Sangiran_17-02.JPG"
"スマトラの熱帯雨林遺産",-2.5,101.5,"http://ja.wikipedia.org/wiki/Special:FilePath/LocMap_of_WH_Sumatra.png"
"セント・キルダ",57.8167,-8.58333,"http://commons.wikimedia.org/wiki/Special:FilePath/St-Kildans.jpg"
"ティルス",33.2708,35.1961,"http://commons.wikimedia.org/wiki/Special:FilePath/TyreAlMinaAgora.jpg"
"ビブロス",34.1236,35.6511,"http://commons.wikimedia.org/wiki/Special:FilePath/ByblosCrusaderCastle1.jpg"
"ラサのポタラ宮の歴史的遺跡群",29.6579,91.1172,"http://commons.wikimedia.org/wiki/Special:FilePath/Potala.jpg"
"ロレンツ国立公園",-4.75,137.833,"http://commons.wikimedia.org/wiki/Special:FilePath/Puncakjaya.jpg"
"ロンドン塔",51.5081,-0.0761111,"http://commons.wikimedia.org/wiki/Special:FilePath/Tower_of_London,_April_2006.jpg"
"雲南の三江併流保護区",27.3333,99.4167,"http://commons.wikimedia.org/wiki/Special:FilePath/R0010879.JPG"
"九寨溝の渓谷の景観と歴史地域",33.1594,103.878,"http://commons.wikimedia.org/wiki/Special:FilePath/九寨沟五花海.jpg"
"周口店の北京原人遺跡",39.7333,115.917,"http://commons.wikimedia.org/wiki/Special:FilePath/Zhoukoudian_Museum_July2004.jpg"
"大足石刻",29.3828,105.473,"http://commons.wikimedia.org/wiki/Special:FilePath/大足石刻.JPG"
"天壇",39.8823,116.407,"http://commons.wikimedia.org/wiki/Special:FilePath/Hall_of_Prayer_for_Good_Harvest.JPG"
"http://ja.dbpedia.org/resource/峨眉山",29.5472,103.769,"http://commons.wikimedia.org/wiki/Special:FilePath/Buddha_Leshan01.jpg"
"http://ja.dbpedia.org/resource/楽山大仏",29.5472,103.769,"http://commons.wikimedia.org/wiki/Special:FilePath/Buddha_Leshan01.jpg"
"外八廟",40.9875,117.938,"http://commons.wikimedia.org/wiki/Special:FilePath/避暑山庄小金山.jpg"
"承徳の避暑山荘と",40.9875,117.938,"http://commons.wikimedia.org/wiki/Special:FilePath/避暑山庄小金山.jpg"
"武夷山",27.7167,117.683,"http://commons.wikimedia.org/wiki/Special:FilePath/Wuyi_Mountains_Sea_of_clouds_4.jpg"
"秦始皇帝陵及び兵馬俑",34.3819,109.254,"http://commons.wikimedia.org/wiki/Special:FilePath/Xian_museum.jpg"
"蘇州古典園林",31.3267,120.626,"http://commons.wikimedia.org/wiki/Special:FilePath/Humble_Administrator's_Garden1.jpg"
"モスクワのクレムリンと赤の広場",55.7542,37.62,"http://commons.wikimedia.org/wiki/Special:FilePath/RedSquare_(pixinn.net).jpg"
"雲崗石窟",40.1097,113.122,"http://commons.wikimedia.org/wiki/Special:FilePath/云岗石窟.JPG"
"麗江旧市街",26.8744,100.235,"http://commons.wikimedia.org/wiki/Special:FilePath/Lijiang-canales-l02.jpg"
"黄山",30.1667,118.183,"http://commons.wikimedia.org/wiki/Special:FilePath/Huangshan_fengjing.jpg"
"黄龍の景観と歴史地域",32.7394,103.827,"http://commons.wikimedia.org/wiki/Special:FilePath/Five-colored-Pond_and_Huanglong-temple_Huanglong_Sichuan_China.jpg"
"龍門石窟",34.5556,112.47,"http://commons.wikimedia.org/wiki/Special:FilePath/Longmen-grottoes-longmen-mountain-from-a-distance.jpg"
"フォース橋",56.0,-3.3889,"http://commons.wikimedia.org/wiki/Special:FilePath/Bb-forthrailbridge.jpg"
"アーヘン大聖堂",50.7747,6.08444,"http://commons.wikimedia.org/wiki/Special:FilePath/AachenerDomVomKatschhof.jpg"
"シドニー・オペラハウス",-33.8587,151.214,"http://commons.wikimedia.org/wiki/Special:FilePath/SydneyOperaHouse.jpg"
"ソコトラ群島",12.4892,53.9071,"http://commons.wikimedia.org/wiki/Special:FilePath/Socotra_satview.jpg"
"ティワナク：ティワナク文化の宗教的・政治的中心地",-16.5547,-68.6733,"http://commons.wikimedia.org/wiki/Special:FilePath/Tiwanaku_-_Versunkener_Hof.jpg"
"ドロミーティ",46.4333,11.85,"http://commons.wikimedia.org/wiki/Special:FilePath/Dolomites_cablecar_view_2009.JPG"
"ウヴス・ヌール盆地",50.3,92.7,"http://commons.wikimedia.org/wiki/Special:FilePath/Uvs-noor.jpg"
"トゥーゲントハット邸",49.2072,16.6158,"http://commons.wikimedia.org/wiki/Special:FilePath/Villa_Tugendhat-20070429.jpeg"
"ブルノの",49.2072,16.6158,"http://commons.wikimedia.org/wiki/Special:FilePath/Villa_Tugendhat-20070429.jpeg"
"フェルテー湖 /ノイジードル湖の文化的景観",47.8333,16.75,"http://commons.wikimedia.org/wiki/Special:FilePath/Neusiedler_Lake_satellite.png"
"プレアヴィヒア寺院",14.3919,104.68,"http://commons.wikimedia.org/wiki/Special:FilePath/Preah-vihear.jpg"
"セリミエ・モスクとその社会的複合施設群",41.6781,26.5594,"http://commons.wikimedia.org/wiki/Special:FilePath/Selimiye_camii.JPG"
"モンバサのジーザス要塞",-4.06274,39.6796,"http://commons.wikimedia.org/wiki/Special:FilePath/Fort_Jesus.jpg"
"オーストラリアの囚人遺跡群",-41.625,147.142,"http://commons.wikimedia.org/wiki/Special:FilePath/WoolmersEstateLongford.jpg"
"ストーンヘンジ、エーヴベリーと関連する遺跡群",51.4286,-1.85417,"http://commons.wikimedia.org/wiki/Special:FilePath/Avebury_(South_Inner_Circle),_Wiltshire,_UK_-_Diliff.jpg"
